#
# TABLE STRUCTURE FOR: administrators
#

DROP TABLE IF EXISTS `administrators`;

CREATE TABLE `administrators` (
  `userID` int(11) unsigned zerofill NOT NULL,
  `accessLevel` varchar(45) DEFAULT 'moderator',
  PRIMARY KEY (`userID`),
  CONSTRAINT `fk_administrators_1` FOREIGN KEY (`userID`) REFERENCES `users` (`userID`) ON DELETE NO ACTION ON UPDATE NO ACTION
) ENGINE=InnoDB DEFAULT CHARSET=utf8 COMMENT='users with administrative privilegies, this table interaction must be analized';

INSERT INTO `administrators` (`userID`, `accessLevel`) VALUES (00000000001, 'publisher');
INSERT INTO `administrators` (`userID`, `accessLevel`) VALUES (00000000002, 'infinite');
INSERT INTO `administrators` (`userID`, `accessLevel`) VALUES (00000000003, 'moderator');
INSERT INTO `administrators` (`userID`, `accessLevel`) VALUES (00000000004, 'publisher');
INSERT INTO `administrators` (`userID`, `accessLevel`) VALUES (00000000005, 'publisher');


#
# TABLE STRUCTURE FOR: categories
#

DROP TABLE IF EXISTS `categories`;

CREATE TABLE `categories` (
  `categoryID` int(11) unsigned zerofill NOT NULL AUTO_INCREMENT,
  `desc` varchar(45) DEFAULT NULL,
  `name` varchar(45) DEFAULT NULL,
  PRIMARY KEY (`categoryID`)
) ENGINE=InnoDB AUTO_INCREMENT=41 DEFAULT CHARSET=utf8;

INSERT INTO `categories` (`categoryID`, `desc`, `name`) VALUES (00000000001, 'Time!\' \'Perhaps not,\' Alice cautiously replie', 'King eagerly, and he.');
INSERT INTO `categories` (`categoryID`, `desc`, `name`) VALUES (00000000002, 'Lizard, who seemed too much overcome to do an', 'The executioner\'s.');
INSERT INTO `categories` (`categoryID`, `desc`, `name`) VALUES (00000000003, 'That he met in the kitchen. \'When I\'M a Duche', 'Alice. \'Now we shall.');
INSERT INTO `categories` (`categoryID`, `desc`, `name`) VALUES (00000000004, 'Hatter, \'I cut some more bread-and-butter--\' ', 'Mouse had changed his.');
INSERT INTO `categories` (`categoryID`, `desc`, `name`) VALUES (00000000005, 'Duck and a Dodo, a Lory and an Eaglet, and se', 'Down, down, down. There.');
INSERT INTO `categories` (`categoryID`, `desc`, `name`) VALUES (00000000006, 'Alice laughed so much at this, that she had s', 'At last the Mock Turtle.');
INSERT INTO `categories` (`categoryID`, `desc`, `name`) VALUES (00000000007, 'Alice thought she had never seen such a curio', 'And how odd the.');
INSERT INTO `categories` (`categoryID`, `desc`, `name`) VALUES (00000000008, 'When they take us up and throw us, with the l', 'And the muscular.');
INSERT INTO `categories` (`categoryID`, `desc`, `name`) VALUES (00000000009, 'Alice dodged behind a great thistle, to keep ', 'Mouse, getting up and.');
INSERT INTO `categories` (`categoryID`, `desc`, `name`) VALUES (00000000010, 'Said he thanked the whiting kindly, but he wo', 'Queen, tossing her head.');
INSERT INTO `categories` (`categoryID`, `desc`, `name`) VALUES (00000000011, 'What happened to you? Tell us all about it!\' ', 'YOUR business, Two!\'.');
INSERT INTO `categories` (`categoryID`, `desc`, `name`) VALUES (00000000012, 'So she set the little creature down, and felt', 'I think I may as well.');
INSERT INTO `categories` (`categoryID`, `desc`, `name`) VALUES (00000000013, 'Alice replied very politely, \'for I can\'t und', 'Alice, who had not.');
INSERT INTO `categories` (`categoryID`, `desc`, `name`) VALUES (00000000014, 'Hare said to Alice, \'Have you seen the Mock T', 'No, it\'ll never do to.');
INSERT INTO `categories` (`categoryID`, `desc`, `name`) VALUES (00000000015, 'Caterpillar; and it put the hookah into its m', 'As she said this, she.');
INSERT INTO `categories` (`categoryID`, `desc`, `name`) VALUES (00000000016, 'Alice\'s head. \'Is that the reason so many tea', 'By this time she had.');
INSERT INTO `categories` (`categoryID`, `desc`, `name`) VALUES (00000000017, 'However, she did not get dry very soon. \'Ahem', 'After these came the.');
INSERT INTO `categories` (`categoryID`, `desc`, `name`) VALUES (00000000018, 'Mock Turtle. So she sat on, with closed eyes,', 'The Cat seemed to think.');
INSERT INTO `categories` (`categoryID`, `desc`, `name`) VALUES (00000000019, 'CHAPTER II. The Pool of Tears \'Curiouser and ', 'Wonderland of long ago:.');
INSERT INTO `categories` (`categoryID`, `desc`, `name`) VALUES (00000000020, 'But I\'d better take him his fan and gloves--t', 'I\'m sure I can\'t be.');
INSERT INTO `categories` (`categoryID`, `desc`, `name`) VALUES (00000000021, 'King. (The jury all looked puzzled.) \'He must', 'Alice to herself, as.');
INSERT INTO `categories` (`categoryID`, `desc`, `name`) VALUES (00000000022, 'Alice would not allow without knowing how old', 'So Alice got up and ran.');
INSERT INTO `categories` (`categoryID`, `desc`, `name`) VALUES (00000000023, 'Latin Grammar, \'A mouse--of a mouse--to a mou', 'Was kindly permitted to.');
INSERT INTO `categories` (`categoryID`, `desc`, `name`) VALUES (00000000024, 'See how eagerly the lobsters and the turtles ', 'She did it so quickly.');
INSERT INTO `categories` (`categoryID`, `desc`, `name`) VALUES (00000000025, 'CHAPTER IX. The Mock Turtle\'s Story \'You can\'', 'Gryphon. \'It all came.');
INSERT INTO `categories` (`categoryID`, `desc`, `name`) VALUES (00000000026, 'She soon got it out again, and put it to her ', 'I can\'t tell you just.');
INSERT INTO `categories` (`categoryID`, `desc`, `name`) VALUES (00000000027, 'I BEG your pardon!\' she exclaimed in a tone o', 'Pigeon; \'but if they.');
INSERT INTO `categories` (`categoryID`, `desc`, `name`) VALUES (00000000028, 'I wonder what I should be like then?\' And she', 'How she longed to get.');
INSERT INTO `categories` (`categoryID`, `desc`, `name`) VALUES (00000000029, 'Turtle.\' These words were followed by a very ', 'The hedgehog was.');
INSERT INTO `categories` (`categoryID`, `desc`, `name`) VALUES (00000000030, 'King triumphantly, pointing to the three gard', 'Alice dear!\' said her.');
INSERT INTO `categories` (`categoryID`, `desc`, `name`) VALUES (00000000031, 'Latitude was, or Longitude either, but though', 'VERY wide, but she.');
INSERT INTO `categories` (`categoryID`, `desc`, `name`) VALUES (00000000032, 'Dormouse denied nothing, being fast asleep. \'', 'Alice heard the Rabbit.');
INSERT INTO `categories` (`categoryID`, `desc`, `name`) VALUES (00000000033, 'Stop this moment, I tell you!\' But she went o', 'Duchess and the.');
INSERT INTO `categories` (`categoryID`, `desc`, `name`) VALUES (00000000034, 'Then she went to work nibbling at the rightha', 'Cat. \'I don\'t much care.');
INSERT INTO `categories` (`categoryID`, `desc`, `name`) VALUES (00000000035, 'Hatter. \'He won\'t stand beating. Now, if you ', 'Let me see--how IS it.');
INSERT INTO `categories` (`categoryID`, `desc`, `name`) VALUES (00000000036, 'Mock Turtle; \'but it sounds uncommon nonsense', 'Though they were mine.');
INSERT INTO `categories` (`categoryID`, `desc`, `name`) VALUES (00000000037, 'I\'ll just see what this bottle does. I do hop', 'Trims his belt and his.');
INSERT INTO `categories` (`categoryID`, `desc`, `name`) VALUES (00000000038, 'After a time she heard a little pattering of ', 'Alice began to feel.');
INSERT INTO `categories` (`categoryID`, `desc`, `name`) VALUES (00000000039, 'It was, no doubt: only Alice did not feel enc', 'So she stood still.');
INSERT INTO `categories` (`categoryID`, `desc`, `name`) VALUES (00000000040, 'I\'ve got to go through next walking about at ', 'Mock Turtle: \'nine the.');


#
# TABLE STRUCTURE FOR: providers
#

DROP TABLE IF EXISTS `providers`;

CREATE TABLE `providers` (
  `userID` int(11) unsigned zerofill NOT NULL,
  `providerType` varchar(45) DEFAULT NULL,
  `prestigeID` int(11) NOT NULL,
  `birthDate` varchar(45) DEFAULT NULL,
  `fullName` varchar(45) DEFAULT NULL,
  `address` varchar(45) DEFAULT NULL,
  `telephone` varchar(45) DEFAULT NULL,
  `postalCode` varchar(45) DEFAULT NULL,
  PRIMARY KEY (`userID`),
  CONSTRAINT `fk_providers_1` FOREIGN KEY (`userID`) REFERENCES `users` (`userID`) ON DELETE NO ACTION ON UPDATE NO ACTION
) ENGINE=InnoDB DEFAULT CHARSET=utf8 COMMENT='users who provide at least one service';

INSERT INTO `providers` (`userID`, `providerType`, `prestigeID`, `birthDate`, `fullName`, `address`, `telephone`, `postalCode`) VALUES (00000000001, 'privado', 3, '1994-08-17T09:49:41+0000', 'Ms. Yvette Abbott', '02340 Welch Point\nCroninhaven, KS 38501', '646-903-1617x217', 'nvdc');
INSERT INTO `providers` (`userID`, `providerType`, `prestigeID`, `birthDate`, `fullName`, `address`, `telephone`, `postalCode`) VALUES (00000000002, 'empresa', 3, '2003-04-07T00:02:46+0000', 'Prof. Randi White', '5432 Eleazar Grove\nPort Frank, LA 91187-6216', '1-148-565-7629x515', 'ojgt');
INSERT INTO `providers` (`userID`, `providerType`, `prestigeID`, `birthDate`, `fullName`, `address`, `telephone`, `postalCode`) VALUES (00000000003, 'privado', 5, '1972-08-21T10:47:44+0000', 'Norbert Moore', '3330 Boyle Parkways\nKoeppmouth, MS 67664', '219-013-1843x25129', 'icil');
INSERT INTO `providers` (`userID`, `providerType`, `prestigeID`, `birthDate`, `fullName`, `address`, `telephone`, `postalCode`) VALUES (00000000004, 'empresa', 2, '2006-05-16T12:16:32+0000', 'Thalia Schowalter', '0926 Dominic Mills\nHansenmouth, RI 74134-8424', '278-286-0131x192', 'lzyo');
INSERT INTO `providers` (`userID`, `providerType`, `prestigeID`, `birthDate`, `fullName`, `address`, `telephone`, `postalCode`) VALUES (00000000005, 'privado', 5, '2018-04-18T23:20:57+0000', 'Marie Konopelski IV', '8306 Parker Mall\nJohnsonside, MD 38577-8903', '739.355.9570x8276', 'qxys');
INSERT INTO `providers` (`userID`, `providerType`, `prestigeID`, `birthDate`, `fullName`, `address`, `telephone`, `postalCode`) VALUES (00000000006, 'empresa', 3, '1979-02-04T01:40:52+0000', 'Kane Dibbert', '013 Joel Lights Apt. 431\nPort Domenica, VT 15', '844-987-7559x51535', 'tcmz');
INSERT INTO `providers` (`userID`, `providerType`, `prestigeID`, `birthDate`, `fullName`, `address`, `telephone`, `postalCode`) VALUES (00000000007, 'otro', 1, '1975-06-16T22:45:04+0000', 'Elwin Ratke', '33895 Greenfelder Stream Apt. 316\nLangworthbo', '288-267-8914', 'mtrx');
INSERT INTO `providers` (`userID`, `providerType`, `prestigeID`, `birthDate`, `fullName`, `address`, `telephone`, `postalCode`) VALUES (00000000008, 'empresa', 1, '2008-06-07T21:25:10+0000', 'Edwardo Schroeder', '086 Jarrett Ford\nDedrickfort, LA 95800', '(431)036-8694', 'yult');
INSERT INTO `providers` (`userID`, `providerType`, `prestigeID`, `birthDate`, `fullName`, `address`, `telephone`, `postalCode`) VALUES (00000000009, 'empresa', 2, '1979-09-15T04:14:48+0000', 'Landen Harvey', '069 Bartoletti Keys Apt. 735\nSisterhaven, UT ', '751-020-1707x143', 'ovil');
INSERT INTO `providers` (`userID`, `providerType`, `prestigeID`, `birthDate`, `fullName`, `address`, `telephone`, `postalCode`) VALUES (00000000010, 'privado', 5, '1970-03-30T14:54:23+0000', 'Timothy Rempel I', '7059 Thiel Mount Apt. 809\nBartolettihaven, GA', '+77(5)2783410492', 'eltw');
INSERT INTO `providers` (`userID`, `providerType`, `prestigeID`, `birthDate`, `fullName`, `address`, `telephone`, `postalCode`) VALUES (00000000011, 'empresa', 3, '1992-06-29T04:00:40+0000', 'Marguerite Ullrich', '436 Russ Ramp Apt. 062\nJackport, WV 07995-842', '(764)150-3934x3474', 'ecmw');
INSERT INTO `providers` (`userID`, `providerType`, `prestigeID`, `birthDate`, `fullName`, `address`, `telephone`, `postalCode`) VALUES (00000000012, 'otro', 4, '2015-12-10T23:32:23+0000', 'Ola Jones DVM', '017 Vernice Tunnel Suite 996\nNienowfurt, PA 2', '1-059-516-6350x45945', 'fdqe');
INSERT INTO `providers` (`userID`, `providerType`, `prestigeID`, `birthDate`, `fullName`, `address`, `telephone`, `postalCode`) VALUES (00000000013, 'empresa', 3, '1986-05-16T11:13:08+0000', 'Mr. Keven Upton', '14989 Hessel Orchard Suite 190\nAlenashire, NJ', '+73(2)5616229649', 'bpfo');
INSERT INTO `providers` (`userID`, `providerType`, `prestigeID`, `birthDate`, `fullName`, `address`, `telephone`, `postalCode`) VALUES (00000000014, 'privado', 0, '1991-05-08T02:47:39+0000', 'Linwood Douglas II', '035 Boehm Burgs Suite 223\nZulaufchester, AR 2', '306.296.8865x4073', 'fkih');
INSERT INTO `providers` (`userID`, `providerType`, `prestigeID`, `birthDate`, `fullName`, `address`, `telephone`, `postalCode`) VALUES (00000000015, 'otro', 4, '1981-09-05T19:15:17+0000', 'Rosanna Walter', '3999 Toy Bypass\nWest Claudeborough, UT 03454', '1-794-051-5332x278', 'mycx');
INSERT INTO `providers` (`userID`, `providerType`, `prestigeID`, `birthDate`, `fullName`, `address`, `telephone`, `postalCode`) VALUES (00000000016, 'empresa', 4, '1988-10-27T15:17:04+0000', 'Dr. Beatrice Stamm I', '364 Gutkowski Shores\nDamionhaven, MN 00820-62', '(920)783-1719', 'lfyy');
INSERT INTO `providers` (`userID`, `providerType`, `prestigeID`, `birthDate`, `fullName`, `address`, `telephone`, `postalCode`) VALUES (00000000017, 'otro', 3, '2009-04-07T18:46:48+0000', 'Ardith Torp', '526 Klein Inlet\nWest Ernestine, NE 05882', '+94(2)5591799245', 'nqpk');
INSERT INTO `providers` (`userID`, `providerType`, `prestigeID`, `birthDate`, `fullName`, `address`, `telephone`, `postalCode`) VALUES (00000000018, 'privado', 2, '2009-11-28T04:19:30+0000', 'Arnulfo Sipes', '63654 Krajcik Highway Suite 946\nBartholometon', '(408)653-5455x2696', 'yijh');
INSERT INTO `providers` (`userID`, `providerType`, `prestigeID`, `birthDate`, `fullName`, `address`, `telephone`, `postalCode`) VALUES (00000000019, 'empresa', 4, '1997-07-26T21:46:28+0000', 'Prof. Leonel Douglas', '429 Keeling Corner Apt. 848\nHeathcoteshire, W', '1-193-085-8989x762', 'zxty');
INSERT INTO `providers` (`userID`, `providerType`, `prestigeID`, `birthDate`, `fullName`, `address`, `telephone`, `postalCode`) VALUES (00000000020, 'otro', 2, '1976-08-22T23:27:49+0000', 'Mr. Coty Cummings V', '492 Drew Meadow\nPort Heath, UT 20626', '501-105-6795', 'dsow');
INSERT INTO `providers` (`userID`, `providerType`, `prestigeID`, `birthDate`, `fullName`, `address`, `telephone`, `postalCode`) VALUES (00000000021, 'empresa', 1, '1982-07-29T17:59:33+0000', 'Mr. Abner Johnson V', '7066 Webster Coves Suite 792\nSchneiderbury, V', '(734)535-8472x51288', 'ciav');
INSERT INTO `providers` (`userID`, `providerType`, `prestigeID`, `birthDate`, `fullName`, `address`, `telephone`, `postalCode`) VALUES (00000000022, 'otro', 5, '1981-10-20T04:38:26+0000', 'Concepcion Macejkovic', '07226 Gwendolyn Island Apt. 253\nLake Fridabor', '1-986-911-3229', 'eqfu');
INSERT INTO `providers` (`userID`, `providerType`, `prestigeID`, `birthDate`, `fullName`, `address`, `telephone`, `postalCode`) VALUES (00000000023, 'privado', 5, '2003-01-03T18:03:14+0000', 'Mr. Rene Gleichner', '6402 Wilderman Gateway\nEast Jerryland, RI 867', '(805)618-2165x7720', 'xszz');
INSERT INTO `providers` (`userID`, `providerType`, `prestigeID`, `birthDate`, `fullName`, `address`, `telephone`, `postalCode`) VALUES (00000000024, 'privado', 3, '1986-08-04T15:19:07+0000', 'Ruby Kautzer', '45201 Curtis Island\nSouth Juanita, VT 01069', '08389159640', 'klak');
INSERT INTO `providers` (`userID`, `providerType`, `prestigeID`, `birthDate`, `fullName`, `address`, `telephone`, `postalCode`) VALUES (00000000025, 'empresa', 0, '1973-03-15T04:22:08+0000', 'Fae Zboncak', '6488 Lakin Plains\nNew Julie, NY 81465', '010-859-1845', 'becb');
INSERT INTO `providers` (`userID`, `providerType`, `prestigeID`, `birthDate`, `fullName`, `address`, `telephone`, `postalCode`) VALUES (00000000026, 'privado', 2, '2008-08-25T13:50:12+0000', 'Rogers Crist V', '39576 Heidenreich Vista Suite 291\nRogersmouth', '(203)831-7327x001', 'asby');
INSERT INTO `providers` (`userID`, `providerType`, `prestigeID`, `birthDate`, `fullName`, `address`, `telephone`, `postalCode`) VALUES (00000000027, 'empresa', 2, '2019-01-24T23:52:01+0000', 'Hans Eichmann DVM', '123 Violette Mountain Suite 056\nErniebury, ND', '(476)834-5810x0709', 'hzty');
INSERT INTO `providers` (`userID`, `providerType`, `prestigeID`, `birthDate`, `fullName`, `address`, `telephone`, `postalCode`) VALUES (00000000028, 'privado', 0, '1984-07-12T19:53:17+0000', 'Kavon Vandervort IV', '779 Stanley Canyon Apt. 700\nOlliebury, CT 058', '01661156576', 'kdux');
INSERT INTO `providers` (`userID`, `providerType`, `prestigeID`, `birthDate`, `fullName`, `address`, `telephone`, `postalCode`) VALUES (00000000029, 'privado', 5, '1999-10-04T17:16:11+0000', 'Edyth Ruecker', '517 Sarah Branch Suite 941\nEast Brooklynbury,', '206-221-4122', 'dzsa');
INSERT INTO `providers` (`userID`, `providerType`, `prestigeID`, `birthDate`, `fullName`, `address`, `telephone`, `postalCode`) VALUES (00000000030, 'privado', 5, '2009-01-27T11:59:35+0000', 'Providenci Zemlak', '29648 Armani Extensions Apt. 169\nNorth Danech', '546.294.4956', 'amht');
INSERT INTO `providers` (`userID`, `providerType`, `prestigeID`, `birthDate`, `fullName`, `address`, `telephone`, `postalCode`) VALUES (00000000031, 'otro', 2, '1997-07-23T07:08:35+0000', 'Rocky Spencer', '0316 Weber Harbor\nEast Norahaven, AZ 69488-36', '03564214569', 'jadg');
INSERT INTO `providers` (`userID`, `providerType`, `prestigeID`, `birthDate`, `fullName`, `address`, `telephone`, `postalCode`) VALUES (00000000032, 'privado', 1, '1984-04-14T02:14:38+0000', 'Baylee Cremin', '14410 Thompson Keys Suite 295\nJohnniemouth, N', '07887148706', 'qsgt');
INSERT INTO `providers` (`userID`, `providerType`, `prestigeID`, `birthDate`, `fullName`, `address`, `telephone`, `postalCode`) VALUES (00000000033, 'privado', 0, '1974-04-10T01:35:46+0000', 'Prof. Robert McDermott IV', '444 Ondricka Locks\nNorth Leonardtown, NY 7509', '876.966.7255', 'yrxx');
INSERT INTO `providers` (`userID`, `providerType`, `prestigeID`, `birthDate`, `fullName`, `address`, `telephone`, `postalCode`) VALUES (00000000034, 'empresa', 3, '1996-05-13T09:20:35+0000', 'Jordane Jones', '835 Frederique Turnpike\nWest Maciestad, MT 92', '(900)767-6285', 'jmxj');
INSERT INTO `providers` (`userID`, `providerType`, `prestigeID`, `birthDate`, `fullName`, `address`, `telephone`, `postalCode`) VALUES (00000000035, 'privado', 1, '1990-09-25T01:29:25+0000', 'Dr. Briana Heller DDS', '8163 Macejkovic Cove\nWest Elwyn, ME 87317-533', '889-870-9511', 'nkln');
INSERT INTO `providers` (`userID`, `providerType`, `prestigeID`, `birthDate`, `fullName`, `address`, `telephone`, `postalCode`) VALUES (00000000036, 'privado', 5, '1971-01-17T17:38:27+0000', 'Ford Nicolas', '424 Muller Tunnel\nLoraineview, ME 30620', '(531)645-8715', 'zqfm');
INSERT INTO `providers` (`userID`, `providerType`, `prestigeID`, `birthDate`, `fullName`, `address`, `telephone`, `postalCode`) VALUES (00000000037, 'otro', 2, '1991-08-06T00:58:07+0000', 'Lamont Wolff', '7067 Jana Port Suite 974\nEast Cordiamouth, FL', '580-997-5627x40892', 'ehlu');
INSERT INTO `providers` (`userID`, `providerType`, `prestigeID`, `birthDate`, `fullName`, `address`, `telephone`, `postalCode`) VALUES (00000000038, 'empresa', 2, '1983-01-19T02:22:34+0000', 'Miss Eugenia Kshlerin DDS', '9265 McLaughlin Ports Suite 752\nNew Cadeland,', '(493)498-1125x2020', 'mojy');
INSERT INTO `providers` (`userID`, `providerType`, `prestigeID`, `birthDate`, `fullName`, `address`, `telephone`, `postalCode`) VALUES (00000000039, 'empresa', 2, '1970-04-20T02:23:15+0000', 'Dr. Vito Will IV', '95470 Jaskolski Courts Apt. 801\nWest Theron, ', '1-209-085-9229x6938', 'dkiw');
INSERT INTO `providers` (`userID`, `providerType`, `prestigeID`, `birthDate`, `fullName`, `address`, `telephone`, `postalCode`) VALUES (00000000040, 'empresa', 2, '2014-09-03T17:46:17+0000', 'Erna Cassin', '761 Austyn Square Apt. 627\nJonasstad, NE 5873', '424.811.7225x993', 'jcdr');


#
# TABLE STRUCTURE FOR: reports
#

DROP TABLE IF EXISTS `reports`;

CREATE TABLE `reports` (
  `reportID` int(11) unsigned zerofill NOT NULL AUTO_INCREMENT,
  `title` varchar(45) DEFAULT NULL,
  `desc` varchar(45) DEFAULT NULL,
  `sentDate` datetime DEFAULT NULL,
  `answerDate` datetime DEFAULT NULL,
  `administratedBy` int(10) unsigned zerofill DEFAULT NULL,
  `reportType` int(11) DEFAULT NULL,
  `requestID` int(11) unsigned zerofill NOT NULL,
  `statusID` varchar(100) NOT NULL,
  PRIMARY KEY (`reportID`),
  KEY `admin_fk_idx` (`administratedBy`),
  KEY `fk_report_request` (`requestID`),
  CONSTRAINT `fk_admin` FOREIGN KEY (`administratedBy`) REFERENCES `administrators` (`userID`) ON UPDATE CASCADE,
  CONSTRAINT `fk_report_request` FOREIGN KEY (`requestID`) REFERENCES `requests` (`requestID`)
) ENGINE=InnoDB AUTO_INCREMENT=21 DEFAULT CHARSET=utf8 COMMENT='reports made by users who requested services, noticed bugs, or behavioral infractions';

INSERT INTO `reports` (`reportID`, `title`, `desc`, `sentDate`, `answerDate`, `administratedBy`, `reportType`, `requestID`, `statusID`) VALUES (00000000001, 'Eos voluptatum doloribus nemo non.', 'Quis illum vero necessitatibus nisi et dolore', '2006-04-30 06:50:47', '2001-01-16 04:26:34', 0000000001, NULL, 00000000001, 'Unde quisquam ut aut architecto aut commodi nostrum. Aperiam at accusamus magnam amet. Quo alias vol');
INSERT INTO `reports` (`reportID`, `title`, `desc`, `sentDate`, `answerDate`, `administratedBy`, `reportType`, `requestID`, `statusID`) VALUES (00000000002, 'Ipsam sed sint quis est vitae distinctio.', 'Quia voluptatum cum sint. Facere qui similiqu', '2006-08-18 20:43:30', '1973-07-12 17:40:06', 0000000002, NULL, 00000000002, 'Et temporibus eos ipsam sed qui nobis. Qui tempora reiciendis optio minus sint delectus. Soluta plac');
INSERT INTO `reports` (`reportID`, `title`, `desc`, `sentDate`, `answerDate`, `administratedBy`, `reportType`, `requestID`, `statusID`) VALUES (00000000003, 'Voluptates itaque voluptatem reprehenderit et', 'Et dolorem amet impedit aut totam molestiae q', '2018-04-15 03:00:37', '1971-10-01 14:46:49', 0000000003, NULL, 00000000003, 'Veritatis placeat iusto dolore est culpa sit. Aut consequatur aspernatur facere inventore porro sed.');
INSERT INTO `reports` (`reportID`, `title`, `desc`, `sentDate`, `answerDate`, `administratedBy`, `reportType`, `requestID`, `statusID`) VALUES (00000000004, 'Possimus non quam deserunt eos ut.', 'Voluptatem labore minus voluptatem nihil et o', '2004-06-13 21:54:02', '2001-05-11 12:54:59', 0000000004, NULL, 00000000004, 'Natus quis deleniti ducimus ullam quod cum facilis. Ut iste quo sit omnis quasi omnis sequi. Quaerat');
INSERT INTO `reports` (`reportID`, `title`, `desc`, `sentDate`, `answerDate`, `administratedBy`, `reportType`, `requestID`, `statusID`) VALUES (00000000005, 'Facilis maiores maxime ullam saepe.', 'Eos facilis ea est ex saepe. Impedit et ut su', '2001-04-28 20:43:15', '1998-02-02 19:13:15', 0000000005, NULL, 00000000005, 'In voluptatem iusto consequatur ut aliquam. Commodi dolorum exercitationem eos nam perferendis sed e');
INSERT INTO `reports` (`reportID`, `title`, `desc`, `sentDate`, `answerDate`, `administratedBy`, `reportType`, `requestID`, `statusID`) VALUES (00000000006, 'Esse cupiditate enim dicta dignissimos laudan', 'Quidem eum sequi aut commodi animi veniam sit', '1996-03-16 14:33:54', '1990-03-25 04:40:57', 0000000001, NULL, 00000000006, 'Maiores sunt doloribus qui omnis molestias. Est laudantium eos voluptas perspiciatis. Consequuntur q');
INSERT INTO `reports` (`reportID`, `title`, `desc`, `sentDate`, `answerDate`, `administratedBy`, `reportType`, `requestID`, `statusID`) VALUES (00000000007, 'Ratione eos sequi odit sint non sunt qui.', 'Illo consequatur ullam harum sed ea nesciunt ', '1996-11-01 23:21:55', '2009-01-07 22:13:43', 0000000002, NULL, 00000000007, 'Laudantium quam ut eius voluptas nesciunt voluptatem qui dolorum. Voluptatem explicabo deleniti labo');
INSERT INTO `reports` (`reportID`, `title`, `desc`, `sentDate`, `answerDate`, `administratedBy`, `reportType`, `requestID`, `statusID`) VALUES (00000000008, 'Sequi reiciendis et est et officia excepturi.', 'Soluta voluptas quo et corrupti eum delectus ', '1991-11-04 05:44:42', '1982-08-24 16:28:25', 0000000003, NULL, 00000000008, 'Quia velit et natus et quasi quam atque quasi. Nulla quibusdam recusandae molestias quibusdam. Sunt ');
INSERT INTO `reports` (`reportID`, `title`, `desc`, `sentDate`, `answerDate`, `administratedBy`, `reportType`, `requestID`, `statusID`) VALUES (00000000009, 'Odit eum officia excepturi vitae enim iure ea', 'Commodi sit hic delectus quam consequatur. Il', '1987-05-31 11:32:10', '2014-05-08 19:46:14', 0000000004, NULL, 00000000009, 'Veniam exercitationem rerum molestias fugit unde earum autem. Id quo ut ea et iste eos et. Quia at q');
INSERT INTO `reports` (`reportID`, `title`, `desc`, `sentDate`, `answerDate`, `administratedBy`, `reportType`, `requestID`, `statusID`) VALUES (00000000010, 'Enim ut consequatur eius totam facilis.', 'Recusandae et quia exercitationem dignissimos', '2009-11-21 05:25:22', '1992-06-24 11:16:30', 0000000005, NULL, 00000000010, 'Natus aut est dolor ut eum provident quibusdam. Similique alias pariatur ex perferendis quidem provi');
INSERT INTO `reports` (`reportID`, `title`, `desc`, `sentDate`, `answerDate`, `administratedBy`, `reportType`, `requestID`, `statusID`) VALUES (00000000011, 'Reprehenderit tempora repellat quidem dolorib', 'Facilis laboriosam optio modi ipsam cum. Mini', '2015-08-14 10:07:48', '1971-06-26 00:53:35', 0000000001, NULL, 00000000011, 'Laborum nihil eum et eligendi hic. Adipisci beatae ullam rerum nulla. Aliquam ullam et illum totam n');
INSERT INTO `reports` (`reportID`, `title`, `desc`, `sentDate`, `answerDate`, `administratedBy`, `reportType`, `requestID`, `statusID`) VALUES (00000000012, 'Aut deserunt qui odio nesciunt neque molestia', 'Consequatur odit quia delectus quia laborum e', '2006-08-02 22:54:12', '1993-03-14 21:53:20', 0000000002, NULL, 00000000012, 'Facilis et et accusamus consequatur autem assumenda. Sed inventore nobis laudantium quod rerum deser');
INSERT INTO `reports` (`reportID`, `title`, `desc`, `sentDate`, `answerDate`, `administratedBy`, `reportType`, `requestID`, `statusID`) VALUES (00000000013, 'Reiciendis cum totam deserunt omnis fuga.', 'Autem qui eaque ullam quas. Quidem qui dignis', '1981-05-02 01:27:40', '1981-11-05 03:01:20', 0000000003, NULL, 00000000013, 'Veniam quisquam praesentium praesentium ratione amet repellendus non. Et perferendis quasi vel natus');
INSERT INTO `reports` (`reportID`, `title`, `desc`, `sentDate`, `answerDate`, `administratedBy`, `reportType`, `requestID`, `statusID`) VALUES (00000000014, 'Accusamus dolorem rerum voluptas sapiente mol', 'Consequatur et porro occaecati rem explicabo.', '1999-02-11 16:48:16', '1988-09-03 10:09:54', 0000000004, NULL, 00000000014, 'Eos fuga voluptatem a ratione culpa eligendi. Minima unde quia qui neque. Illum ut consequatur ut si');
INSERT INTO `reports` (`reportID`, `title`, `desc`, `sentDate`, `answerDate`, `administratedBy`, `reportType`, `requestID`, `statusID`) VALUES (00000000015, 'Voluptas consequatur vel vel est aut molestia', 'Possimus cumque iste aut delectus distinctio.', '1971-01-30 18:46:43', '2005-09-19 18:36:44', 0000000005, NULL, 00000000015, 'Distinctio animi aut et temporibus quod laborum. Voluptas doloremque blanditiis pariatur repellendus');
INSERT INTO `reports` (`reportID`, `title`, `desc`, `sentDate`, `answerDate`, `administratedBy`, `reportType`, `requestID`, `statusID`) VALUES (00000000016, 'Et enim et iusto et et aut exercitationem pra', 'Quia ut voluptas dolores commodi voluptatibus', '1994-08-17 04:01:09', '1994-06-11 19:24:23', 0000000001, NULL, 00000000016, 'Commodi aut molestiae rem aut corporis et. Accusamus voluptatum qui ut et qui enim odio. Deleniti id');
INSERT INTO `reports` (`reportID`, `title`, `desc`, `sentDate`, `answerDate`, `administratedBy`, `reportType`, `requestID`, `statusID`) VALUES (00000000017, 'Rerum nobis est quasi soluta assumenda fugiat', 'Velit vitae eos dignissimos eligendi expedita', '1975-01-28 13:33:52', '1986-04-17 18:09:05', 0000000002, NULL, 00000000017, 'Id porro explicabo eaque consequatur voluptate. Corporis voluptatem tempora mollitia consequuntur de');
INSERT INTO `reports` (`reportID`, `title`, `desc`, `sentDate`, `answerDate`, `administratedBy`, `reportType`, `requestID`, `statusID`) VALUES (00000000018, 'Sit ad qui alias molestiae dolores ea.', 'Velit praesentium error nemo. Eum et adipisci', '2011-09-29 14:51:34', '2006-01-19 00:13:08', 0000000003, NULL, 00000000018, 'Aliquam excepturi iure labore et nisi earum error. Sint est impedit nulla quos est soluta et et. Dol');
INSERT INTO `reports` (`reportID`, `title`, `desc`, `sentDate`, `answerDate`, `administratedBy`, `reportType`, `requestID`, `statusID`) VALUES (00000000019, 'Et voluptatem sit dolor.', 'Et quia dolorem odit enim similique veritatis', '2017-03-18 21:05:44', '1983-11-24 08:50:40', 0000000004, NULL, 00000000019, 'Voluptas ut pariatur enim aliquid quam. Necessitatibus ea sed illo autem. Illo laboriosam ex repella');
INSERT INTO `reports` (`reportID`, `title`, `desc`, `sentDate`, `answerDate`, `administratedBy`, `reportType`, `requestID`, `statusID`) VALUES (00000000020, 'Porro adipisci dolor alias rerum.', 'Commodi autem ut doloremque laudantium conseq', '1997-07-18 17:00:34', '1993-05-19 05:39:40', 0000000005, NULL, 00000000020, 'Vitae alias unde temporibus excepturi itaque qui aut. Voluptas quam aut deleniti ducimus aliquam vol');


#
# TABLE STRUCTURE FOR: requests
#

DROP TABLE IF EXISTS `requests`;

CREATE TABLE `requests` (
  `requestID` int(11) unsigned zerofill NOT NULL AUTO_INCREMENT,
  `requesting_userID` int(10) unsigned zerofill NOT NULL,
  `serviceID` int(11) unsigned zerofill NOT NULL,
  `requestDate` datetime NOT NULL,
  `responseDate` datetime DEFAULT NULL,
  `request_statusID` varchar(10) NOT NULL DEFAULT 'solicitado',
  `message` varchar(255) DEFAULT NULL,
  `response` varchar(255) DEFAULT NULL,
  PRIMARY KEY (`requestID`),
  KEY `requesting_user_idx` (`requesting_userID`),
  KEY `provision_fk_idx` (`serviceID`),
  CONSTRAINT `fk_requests_1` FOREIGN KEY (`requesting_userID`) REFERENCES `users` (`userID`) ON DELETE NO ACTION ON UPDATE NO ACTION
) ENGINE=InnoDB AUTO_INCREMENT=101 DEFAULT CHARSET=utf8 COMMENT='represent requests of services provided by provider users (provisions) made by users';

INSERT INTO `requests` (`requestID`, `requesting_userID`, `serviceID`, `requestDate`, `responseDate`, `request_statusID`, `message`, `response`) VALUES (00000000001, 0000000001, 00000000001, '1970-04-13 20:42:16', '1989-07-16 22:44:09', 'respondid', 'Suscipit minus doloremque dolorem quidem quae. In officia error praesentium quia iure et. Corrupti facere cum qui provident illum culpa.', 'Culpa et et molestiae dolore. Ea quas voluptas saepe quia atque quaerat omnis. Quas earum rerum eos facilis.');
INSERT INTO `requests` (`requestID`, `requesting_userID`, `serviceID`, `requestDate`, `responseDate`, `request_statusID`, `message`, `response`) VALUES (00000000002, 0000000002, 00000000002, '1993-01-26 10:02:05', '1998-11-14 12:38:14', 'respondid', 'Quas commodi non vitae sit dolores sequi suscipit. Ut reprehenderit nihil quo hic qui quidem quia. Odio quia rem ipsa qui.', 'Facilis nisi officia optio pariatur ut. Aut quia nemo dolore facilis ut. Nulla nihil ad odit placeat ipsa rem.');
INSERT INTO `requests` (`requestID`, `requesting_userID`, `serviceID`, `requestDate`, `responseDate`, `request_statusID`, `message`, `response`) VALUES (00000000003, 0000000003, 00000000003, '1970-11-04 12:18:36', '2006-11-13 18:07:28', 'inhabilit', 'Maiores explicabo sit consectetur totam. Cupiditate ullam velit maxime laudantium officia laudantium quia. Ducimus minima illo ducimus consequatur. Aperiam dolores esse dolorem placeat qui odio quasi.', 'Dolores est dolorum est. Odit adipisci et nihil eaque dolores eligendi. Rerum amet officiis iusto doloribus aut aut.');
INSERT INTO `requests` (`requestID`, `requesting_userID`, `serviceID`, `requestDate`, `responseDate`, `request_statusID`, `message`, `response`) VALUES (00000000004, 0000000004, 00000000004, '1993-03-01 11:38:19', '1985-07-03 17:12:45', 'solicitado', 'Itaque laudantium dicta necessitatibus veritatis. Magni qui veniam autem quam ut quia illo. Ab earum magni sit reiciendis at qui. Dolorem ratione dolores in quos aperiam ab suscipit.', 'Maiores porro nisi non eum inventore. Cum corrupti officiis voluptas dolore illum facere nostrum. Rerum impedit quas delectus et atque.');
INSERT INTO `requests` (`requestID`, `requesting_userID`, `serviceID`, `requestDate`, `responseDate`, `request_statusID`, `message`, `response`) VALUES (00000000005, 0000000005, 00000000005, '2003-04-07 12:30:55', '2013-05-11 00:42:46', 'visto', 'Ad quis aliquid quis omnis voluptatum. Corrupti odio sed enim qui at mollitia. Culpa eveniet ipsa dolore dolores odit. Suscipit qui quo ad itaque hic recusandae. Laborum omnis error repellat illum numquam doloribus.', 'Alias voluptatem harum voluptatem repellat repudiandae. In saepe qui consequatur molestiae repudiandae delectus consequatur. Magni qui qui magni explicabo. Veritatis illum dignissimos aut.');
INSERT INTO `requests` (`requestID`, `requesting_userID`, `serviceID`, `requestDate`, `responseDate`, `request_statusID`, `message`, `response`) VALUES (00000000006, 0000000006, 00000000006, '2002-03-29 18:27:56', '2001-07-26 00:58:18', 'respondid', 'Aut nisi qui sit fugit esse velit. Voluptas dicta accusantium et distinctio dolore. Vel maiores labore veniam ipsum quis est. Temporibus nisi sunt dolor qui molestiae sit occaecati.', 'Error eum sequi ipsa at. Debitis expedita mollitia officia possimus molestias perferendis consectetur mollitia. Omnis nostrum dolores dolorem.');
INSERT INTO `requests` (`requestID`, `requesting_userID`, `serviceID`, `requestDate`, `responseDate`, `request_statusID`, `message`, `response`) VALUES (00000000007, 0000000007, 00000000007, '1979-06-20 08:35:49', '1985-11-05 13:51:47', 'inhabilit', 'Rerum necessitatibus in qui in aliquam. Consequatur ducimus dolores voluptatibus incidunt. Omnis et consectetur eos cupiditate. Laboriosam cum laborum magnam nisi. Qui error dolorem ipsa omnis.', 'Ad sint facere odit et voluptatem repellat sapiente. Nemo corrupti expedita ut quam excepturi ab quisquam. Enim enim laboriosam dignissimos consequatur aliquam et sequi rerum.');
INSERT INTO `requests` (`requestID`, `requesting_userID`, `serviceID`, `requestDate`, `responseDate`, `request_statusID`, `message`, `response`) VALUES (00000000008, 0000000008, 00000000008, '1974-05-25 12:15:08', '1988-02-12 09:31:38', 'visto', 'Asperiores aperiam nam laudantium deleniti ipsa. Harum est sit velit molestiae illo itaque est. Et perferendis nobis vel omnis. Aspernatur autem enim consequatur sunt eveniet. Facilis quam ullam modi optio.', 'Dolores voluptatem laudantium harum et vel et. Eum dolores possimus provident dolor commodi explicabo. Ipsam et sit exercitationem sit quia qui. Et saepe aut necessitatibus repellendus.');
INSERT INTO `requests` (`requestID`, `requesting_userID`, `serviceID`, `requestDate`, `responseDate`, `request_statusID`, `message`, `response`) VALUES (00000000009, 0000000009, 00000000009, '2004-12-03 22:35:27', '2006-04-03 22:07:45', 'inhabilit', 'Officia ipsa sequi amet fugit dolores amet. Impedit dolores dolorem eum id voluptatum. Beatae reprehenderit quaerat voluptatibus numquam.', 'Voluptatem soluta occaecati et eos. Aperiam in quaerat sunt omnis deleniti placeat rerum.');
INSERT INTO `requests` (`requestID`, `requesting_userID`, `serviceID`, `requestDate`, `responseDate`, `request_statusID`, `message`, `response`) VALUES (00000000010, 0000000010, 00000000010, '1993-01-28 15:48:56', '2014-05-11 15:34:29', 'inhabilit', 'Animi corporis et ut eum excepturi nihil impedit. Consequatur voluptas quae totam officiis accusamus. Expedita nihil saepe ipsa eum.', 'Eos quia fuga eius est. Nihil porro rerum cumque laboriosam est enim aliquam. Fuga nam maxime a ratione eos accusantium aut odio. Iure vel veritatis nesciunt possimus.');
INSERT INTO `requests` (`requestID`, `requesting_userID`, `serviceID`, `requestDate`, `responseDate`, `request_statusID`, `message`, `response`) VALUES (00000000011, 0000000011, 00000000011, '1980-08-12 17:49:58', '1983-01-24 16:28:04', 'visto', 'Voluptas amet facilis consequatur possimus voluptate est id ut. Quo porro laboriosam error minus quibusdam. Quo officia possimus ea voluptas aut.', 'Dolorum corrupti nisi quae cumque non accusantium. Quas ea aut neque non iusto et. Impedit sint enim sed sunt itaque. Occaecati voluptatem ipsum nihil officiis dolores veritatis.');
INSERT INTO `requests` (`requestID`, `requesting_userID`, `serviceID`, `requestDate`, `responseDate`, `request_statusID`, `message`, `response`) VALUES (00000000012, 0000000012, 00000000012, '1975-12-21 06:27:31', '2000-03-19 18:57:52', 'visto', 'Ducimus libero consequuntur in id similique quia. Optio nobis minima error ducimus. Repudiandae id unde sed debitis. Tenetur aut ipsa rerum totam.', 'Dolore animi nostrum molestiae vel corporis. Laudantium temporibus aut corrupti. Asperiores quas placeat omnis qui et. Est libero praesentium aut sit quo.');
INSERT INTO `requests` (`requestID`, `requesting_userID`, `serviceID`, `requestDate`, `responseDate`, `request_statusID`, `message`, `response`) VALUES (00000000013, 0000000013, 00000000013, '1970-02-06 17:26:20', '1998-11-13 03:14:09', 'solicitado', 'Eos ut cumque magni qui inventore dolor nulla. Numquam dolores ab maxime voluptatum. Qui odio ea molestiae eos. Non ut rerum rerum assumenda delectus qui eos.', 'Pariatur ipsa ut sit voluptatem. Ut in nemo labore deserunt inventore ut quo.');
INSERT INTO `requests` (`requestID`, `requesting_userID`, `serviceID`, `requestDate`, `responseDate`, `request_statusID`, `message`, `response`) VALUES (00000000014, 0000000014, 00000000014, '1973-05-26 10:07:03', '2008-12-23 23:04:37', 'moderacio', 'Et aliquam numquam rerum sed veritatis eum sint. Veritatis rerum eum velit atque consequatur. Corporis et et dolore sit totam. Optio dolores et est perferendis.', 'Voluptate autem impedit maxime sint est nisi. Quo delectus aliquid repellendus ut molestiae totam. Officia sed fugit ipsa.');
INSERT INTO `requests` (`requestID`, `requesting_userID`, `serviceID`, `requestDate`, `responseDate`, `request_statusID`, `message`, `response`) VALUES (00000000015, 0000000015, 00000000015, '2004-02-21 11:02:09', '2008-10-04 19:02:48', 'respondid', 'Et distinctio consequatur culpa architecto nisi commodi illo. Ex ut commodi quae ex corporis est.', 'Velit eius nihil nostrum sunt aspernatur. Omnis perferendis consequatur rerum inventore. Dolor aut perspiciatis quis. Autem dolores minus neque quae. Nobis voluptas aliquam magni asperiores quia at.');
INSERT INTO `requests` (`requestID`, `requesting_userID`, `serviceID`, `requestDate`, `responseDate`, `request_statusID`, `message`, `response`) VALUES (00000000016, 0000000016, 00000000016, '1990-06-05 11:57:34', '2010-02-07 05:45:59', 'solicitado', 'Architecto est maiores aspernatur fuga doloremque odit. Facilis amet ut ratione est qui. Maxime provident culpa eius amet quae.', 'Est sed ullam omnis commodi sit dolorem. Necessitatibus doloremque quia sed quae. Ea eligendi dolorem molestiae at recusandae.');
INSERT INTO `requests` (`requestID`, `requesting_userID`, `serviceID`, `requestDate`, `responseDate`, `request_statusID`, `message`, `response`) VALUES (00000000017, 0000000017, 00000000017, '2015-05-17 18:06:19', '1986-03-26 04:00:58', 'visto', 'Praesentium eum ut velit sapiente natus tempora quia. Et consequatur aliquid ea doloremque tempora. Quia aut ab enim recusandae vel. Et cum similique et.', 'Nihil facere expedita et sunt. Facilis corporis illo impedit et aut. Recusandae dicta omnis facilis. Quia non eius eius est non culpa. Sunt est ex temporibus vel nisi dolore.');
INSERT INTO `requests` (`requestID`, `requesting_userID`, `serviceID`, `requestDate`, `responseDate`, `request_statusID`, `message`, `response`) VALUES (00000000018, 0000000018, 00000000018, '1979-12-08 07:56:15', '2013-10-30 01:42:00', 'respondid', 'Dicta est aut ut sequi. Laborum velit qui non. Sit odio sapiente et rem voluptatum.', 'Eum ut maxime dolorum non dolorem. Amet ea saepe qui. Accusamus similique voluptatem vel.');
INSERT INTO `requests` (`requestID`, `requesting_userID`, `serviceID`, `requestDate`, `responseDate`, `request_statusID`, `message`, `response`) VALUES (00000000019, 0000000019, 00000000019, '1996-11-09 03:07:24', '1971-06-17 13:43:51', 'visto', 'Illum blanditiis quis ut recusandae quis voluptatibus rerum. Ipsa impedit quasi ut nobis quisquam. Ipsum nulla a atque maxime ratione.', 'Officiis perferendis et aut dolore quis maiores perspiciatis. Itaque cum et soluta voluptate eveniet est tempore. Consequatur distinctio sunt id adipisci.');
INSERT INTO `requests` (`requestID`, `requesting_userID`, `serviceID`, `requestDate`, `responseDate`, `request_statusID`, `message`, `response`) VALUES (00000000020, 0000000020, 00000000020, '1979-07-20 11:56:05', '1987-08-17 14:46:08', 'cancelado', 'Eum est voluptatem debitis molestiae. Officiis eos excepturi natus illum quisquam aspernatur est. Corrupti voluptatem est nemo dignissimos nam aut sit. Cum fugiat vitae nam iste perferendis.', 'Veritatis et dolor nemo provident totam aut. Quo quidem in debitis. Possimus accusantium sed ut est non alias. Voluptatibus nihil atque culpa quis.');
INSERT INTO `requests` (`requestID`, `requesting_userID`, `serviceID`, `requestDate`, `responseDate`, `request_statusID`, `message`, `response`) VALUES (00000000021, 0000000021, 00000000021, '1981-06-05 12:26:03', '1992-10-07 04:04:14', 'moderacio', 'Omnis illo dolor culpa doloribus. Omnis nulla magnam minus omnis. Molestiae perferendis quae quia vitae enim. Incidunt molestias fugiat quis repellat.', 'Alias quisquam odio et est veritatis blanditiis velit consequatur. Non maiores qui et aut velit sunt. Numquam nihil velit sit illo.');
INSERT INTO `requests` (`requestID`, `requesting_userID`, `serviceID`, `requestDate`, `responseDate`, `request_statusID`, `message`, `response`) VALUES (00000000022, 0000000022, 00000000022, '1974-04-22 00:20:12', '1999-11-22 17:58:10', 'cancelado', 'Et omnis itaque debitis suscipit incidunt. Numquam quae suscipit minus porro. Aut hic est totam. Vel sit ipsam voluptatem iusto voluptatum cum.', 'Rerum ipsum eos et fugit assumenda iste repudiandae esse. Quia est in neque maxime dolor doloremque nesciunt. Eligendi qui at nisi explicabo architecto ex omnis.');
INSERT INTO `requests` (`requestID`, `requesting_userID`, `serviceID`, `requestDate`, `responseDate`, `request_statusID`, `message`, `response`) VALUES (00000000023, 0000000023, 00000000023, '1984-07-26 11:52:20', '1984-02-23 19:00:48', 'solicitado', 'Sed dolorem laboriosam consequuntur nihil voluptas dolor. Corporis quia laudantium debitis rem.', 'Consequatur modi sequi quia adipisci sit nihil dolor. Minima non ex fuga. Neque quod odio quisquam omnis quia quisquam consequatur. Provident est vel voluptas qui beatae velit repellendus.');
INSERT INTO `requests` (`requestID`, `requesting_userID`, `serviceID`, `requestDate`, `responseDate`, `request_statusID`, `message`, `response`) VALUES (00000000024, 0000000024, 00000000024, '2000-07-08 09:48:50', '2005-04-30 07:08:31', 'solicitado', 'Distinctio voluptatibus nesciunt sapiente. Praesentium sint consequatur iste error. Omnis est voluptatibus magnam. Aliquam ut omnis quo.', 'Voluptas nihil perspiciatis tenetur aut. Et fugiat expedita ad totam maiores similique iusto. Dolores sunt sequi sapiente officia autem a.');
INSERT INTO `requests` (`requestID`, `requesting_userID`, `serviceID`, `requestDate`, `responseDate`, `request_statusID`, `message`, `response`) VALUES (00000000025, 0000000025, 00000000025, '2007-12-13 15:20:22', '1982-06-01 19:25:55', 'solicitado', 'Repudiandae placeat rerum excepturi doloribus aut et. Reiciendis veniam minima voluptatem. Aspernatur corporis consequuntur dolor aspernatur nam culpa.', 'Vero soluta id dignissimos quia totam ut. Quia et voluptatem sapiente quia veniam. Quas voluptatem eveniet distinctio mollitia.');
INSERT INTO `requests` (`requestID`, `requesting_userID`, `serviceID`, `requestDate`, `responseDate`, `request_statusID`, `message`, `response`) VALUES (00000000026, 0000000026, 00000000026, '2007-01-06 14:20:49', '1981-08-10 23:25:09', 'moderacio', 'Est ipsam dolores libero quo consequatur voluptatem sit. Et ipsum et et vel qui. Qui voluptates et voluptates quo tenetur praesentium nostrum nulla.', 'Ea eaque libero iusto saepe. Fugiat est sequi atque quia sit quis. Id consequatur quia pariatur quia blanditiis voluptatem id non.');
INSERT INTO `requests` (`requestID`, `requesting_userID`, `serviceID`, `requestDate`, `responseDate`, `request_statusID`, `message`, `response`) VALUES (00000000027, 0000000027, 00000000027, '2016-12-15 06:42:59', '2008-01-26 00:05:26', 'moderacio', 'Ut dolor nihil aut consequatur earum tempora aperiam. Officia ab nulla sit nobis architecto illum neque. Est rem illum est nam quo. Veniam ratione a quis quia sint. Natus neque ad et et ducimus culpa.', 'Rerum sed et sint dolorum ducimus recusandae. Ab et dolore ipsam. Animi rerum consequatur omnis tenetur. Consequatur assumenda in sunt ut laudantium sapiente laborum.');
INSERT INTO `requests` (`requestID`, `requesting_userID`, `serviceID`, `requestDate`, `responseDate`, `request_statusID`, `message`, `response`) VALUES (00000000028, 0000000028, 00000000028, '1989-06-02 04:34:50', '2011-06-05 01:46:39', 'cancelado', 'Quis itaque eum velit omnis molestiae id. Aut dolor eius sunt rerum quod accusantium. Et explicabo minus ducimus aliquid a molestiae consequatur.', 'Alias quasi consectetur voluptates consequatur fugiat eos. Molestias rerum temporibus voluptatum ex. In voluptas et non reprehenderit.');
INSERT INTO `requests` (`requestID`, `requesting_userID`, `serviceID`, `requestDate`, `responseDate`, `request_statusID`, `message`, `response`) VALUES (00000000029, 0000000029, 00000000029, '1987-01-20 19:53:23', '2006-12-20 10:08:09', 'cancelado', 'Voluptatem eius ipsa molestias. Illum et unde non est atque dignissimos a. Quia vel deleniti voluptate sit debitis reprehenderit quidem. Totam consequuntur occaecati sit quas consectetur culpa ipsum.', 'Et est porro nemo incidunt deserunt. Corporis ad tempora nulla in natus itaque consectetur placeat. Minus adipisci similique est quaerat. Laudantium corrupti explicabo necessitatibus sint.');
INSERT INTO `requests` (`requestID`, `requesting_userID`, `serviceID`, `requestDate`, `responseDate`, `request_statusID`, `message`, `response`) VALUES (00000000030, 0000000030, 00000000030, '2018-10-28 20:21:15', '2013-05-02 09:31:51', 'respondid', 'Totam doloremque numquam at sunt odio natus. Dicta quaerat tempore consequatur maxime quis. Necessitatibus vitae temporibus nesciunt et molestiae. Ducimus facilis vero dolorem minima fugit neque iure dolor.', 'Sit magnam iste laboriosam. Voluptatem esse et magni accusantium.');
INSERT INTO `requests` (`requestID`, `requesting_userID`, `serviceID`, `requestDate`, `responseDate`, `request_statusID`, `message`, `response`) VALUES (00000000031, 0000000031, 00000000031, '1996-09-26 19:10:19', '2010-10-17 10:23:59', 'moderacio', 'Repellendus facere quasi unde. Perspiciatis quis in culpa quo explicabo ipsum harum quibusdam. Dolorem corporis enim ullam cum aut voluptate quam sit. Molestias similique suscipit reiciendis excepturi.', 'Dolores ipsam exercitationem est adipisci iusto enim tempore. Minus aut ad natus rerum officiis. Quis labore debitis nobis fuga et. Sunt dolor voluptas nulla provident.');
INSERT INTO `requests` (`requestID`, `requesting_userID`, `serviceID`, `requestDate`, `responseDate`, `request_statusID`, `message`, `response`) VALUES (00000000032, 0000000032, 00000000032, '1970-10-12 05:23:26', '2004-02-13 05:08:32', 'visto', 'Quo et autem officiis quibusdam. Ut inventore neque nihil ut voluptatum. Dolor in veniam ut. Non vel sunt consectetur voluptatibus quasi et.', 'Quidem id rerum consequuntur quisquam et voluptas. Nam sit ex eius. Non sit sed sed ullam. Officiis rem nihil facilis ipsum fugit voluptas et.');
INSERT INTO `requests` (`requestID`, `requesting_userID`, `serviceID`, `requestDate`, `responseDate`, `request_statusID`, `message`, `response`) VALUES (00000000033, 0000000033, 00000000033, '2007-11-02 14:44:48', '2001-04-17 01:37:42', 'cancelado', 'Sit sequi et aut accusantium. Voluptatibus culpa dolore aut aut exercitationem voluptatibus. Quas dignissimos nemo quod voluptatem aut mollitia cupiditate. Consequatur commodi expedita est et. Quam tenetur ut rem et quia quia.', 'Labore aliquam perspiciatis sunt repudiandae voluptatem ad. Non qui voluptatem odio. Modi quia consequatur veritatis maxime nihil est. Voluptatum ducimus dicta pariatur in qui molestiae.');
INSERT INTO `requests` (`requestID`, `requesting_userID`, `serviceID`, `requestDate`, `responseDate`, `request_statusID`, `message`, `response`) VALUES (00000000034, 0000000034, 00000000034, '1970-08-27 20:19:11', '1982-06-24 11:09:23', 'cancelado', 'Laboriosam officiis dolorem quis debitis enim. Nihil molestiae illo qui. Enim et et tempore illo consequuntur soluta. Placeat sed corporis a libero ad eum ab.', 'Aut est nam tempore corrupti quisquam. Numquam explicabo aut quia dolorem eligendi unde. Ex et magnam nemo et sit ut. Hic aut deleniti asperiores qui sit ut.');
INSERT INTO `requests` (`requestID`, `requesting_userID`, `serviceID`, `requestDate`, `responseDate`, `request_statusID`, `message`, `response`) VALUES (00000000035, 0000000035, 00000000035, '1975-01-05 06:28:31', '2008-07-30 13:10:59', 'solicitado', 'Totam consequuntur accusamus voluptatem dolores repellat laudantium qui. Illo rerum eius minus ut. Sapiente hic reprehenderit doloribus aliquam voluptas amet. Aut et nesciunt at provident accusantium.', 'Sunt autem facere molestiae cupiditate quis delectus. Ut aut praesentium quo et perspiciatis. Ab molestias nobis odio.');
INSERT INTO `requests` (`requestID`, `requesting_userID`, `serviceID`, `requestDate`, `responseDate`, `request_statusID`, `message`, `response`) VALUES (00000000036, 0000000036, 00000000036, '1988-02-20 04:52:00', '1986-04-12 19:10:17', 'moderacio', 'Recusandae commodi expedita dolorum. Similique eaque et non et sapiente. Esse neque sequi illum quo. Pariatur voluptas blanditiis dignissimos sapiente.', 'Ad nisi saepe consequatur. Saepe ipsam qui similique quasi dolores odit qui. Ut sequi id sunt totam temporibus labore sunt.');
INSERT INTO `requests` (`requestID`, `requesting_userID`, `serviceID`, `requestDate`, `responseDate`, `request_statusID`, `message`, `response`) VALUES (00000000037, 0000000037, 00000000037, '1985-01-21 17:14:42', '2016-12-23 03:26:27', 'respondid', 'Doloremque eum cum a minus tempora facilis. Qui modi eligendi itaque aperiam iste magnam et sed. Quis natus corporis expedita ipsum perferendis voluptatem cupiditate.', 'Consequatur et iure illo optio a debitis. Magni culpa rem molestiae perspiciatis numquam ab. Qui molestiae reiciendis voluptatem eum.');
INSERT INTO `requests` (`requestID`, `requesting_userID`, `serviceID`, `requestDate`, `responseDate`, `request_statusID`, `message`, `response`) VALUES (00000000038, 0000000038, 00000000038, '1976-02-16 20:00:24', '2013-07-14 02:54:51', 'solicitado', 'Consectetur dolorem consectetur nesciunt ut voluptates. Sed nisi aut quod sint placeat. Cumque ex asperiores molestias voluptates sunt et veniam. Dolorum qui amet laboriosam omnis ad.', 'Esse minima similique rem nemo minus laboriosam officiis. Veritatis asperiores ut dolores quisquam sunt totam earum. Eaque mollitia explicabo quasi enim id.');
INSERT INTO `requests` (`requestID`, `requesting_userID`, `serviceID`, `requestDate`, `responseDate`, `request_statusID`, `message`, `response`) VALUES (00000000039, 0000000039, 00000000039, '1992-06-27 00:07:05', '2002-07-11 00:07:43', 'inhabilit', 'Similique ad ipsa cum expedita. Sed ea nostrum numquam vitae nesciunt illum. Quam eum libero quasi. Delectus quo quis iure error quidem sunt et.', 'Dolor omnis hic eos veniam qui aperiam adipisci. Vel totam tempora soluta est ad. Laborum quasi officia inventore aut nam voluptatem quos. Velit est eligendi accusantium earum earum aut eius.');
INSERT INTO `requests` (`requestID`, `requesting_userID`, `serviceID`, `requestDate`, `responseDate`, `request_statusID`, `message`, `response`) VALUES (00000000040, 0000000040, 00000000040, '2001-08-01 00:15:16', '2013-02-06 02:10:48', 'respondid', 'Et debitis perspiciatis maxime voluptatum et explicabo dolor. Rerum et facilis quasi enim voluptatem. Harum adipisci est dolores porro. Id laborum laudantium omnis possimus iure.', 'Est cupiditate quasi sunt eligendi ut sint. Rerum sint nam eveniet repudiandae aperiam adipisci. Iusto doloribus pariatur sit ad earum nisi. Nulla mollitia quasi enim ipsa veniam.');
INSERT INTO `requests` (`requestID`, `requesting_userID`, `serviceID`, `requestDate`, `responseDate`, `request_statusID`, `message`, `response`) VALUES (00000000041, 0000000041, 00000000041, '2004-05-04 08:37:18', '1977-05-12 23:22:04', 'moderacio', 'Ut similique voluptatem qui non. Cupiditate vel sed quam ad libero. Distinctio tempore atque illo nesciunt sapiente totam porro quasi.', 'Animi aut molestiae quo commodi vitae. Id fugit suscipit adipisci quo quibusdam. Omnis architecto odio sapiente quae accusantium.');
INSERT INTO `requests` (`requestID`, `requesting_userID`, `serviceID`, `requestDate`, `responseDate`, `request_statusID`, `message`, `response`) VALUES (00000000042, 0000000042, 00000000042, '2002-11-27 11:46:13', '1974-08-31 06:48:06', 'visto', 'Animi sed iusto sed earum maxime. Autem corrupti voluptatum suscipit reprehenderit. Esse maiores ad fuga qui soluta ullam. Temporibus non officiis eaque molestiae non nobis. Officia dolores consequatur voluptas.', 'Itaque enim autem ipsum at ipsa ut amet nemo. Aspernatur illo totam aliquam omnis sit. Voluptatum ex repellendus et eos.');
INSERT INTO `requests` (`requestID`, `requesting_userID`, `serviceID`, `requestDate`, `responseDate`, `request_statusID`, `message`, `response`) VALUES (00000000043, 0000000043, 00000000043, '1988-05-14 22:41:51', '1992-07-09 00:09:18', 'moderacio', 'Neque debitis earum assumenda voluptatem reiciendis. Enim est incidunt labore culpa pariatur ex. Sed neque error quia cupiditate.', 'Velit eius nostrum consequuntur exercitationem et nesciunt. Corrupti saepe impedit voluptatem laborum sunt. Laboriosam provident delectus qui cum nemo aut.');
INSERT INTO `requests` (`requestID`, `requesting_userID`, `serviceID`, `requestDate`, `responseDate`, `request_statusID`, `message`, `response`) VALUES (00000000044, 0000000044, 00000000044, '1972-02-25 06:14:40', '1975-10-02 12:55:56', 'inhabilit', 'Omnis dolores quos recusandae voluptatem nesciunt quaerat ullam. Omnis vel molestiae qui sit qui. Ut rerum eos in accusantium cupiditate. Autem a rerum repudiandae ipsa repudiandae.', 'Nostrum ut sit et architecto. Possimus eum quis et impedit. Ipsam ipsam voluptatem dolor veritatis est aliquam.');
INSERT INTO `requests` (`requestID`, `requesting_userID`, `serviceID`, `requestDate`, `responseDate`, `request_statusID`, `message`, `response`) VALUES (00000000045, 0000000045, 00000000045, '2013-08-22 02:51:45', '1991-02-05 01:26:32', 'solicitado', 'Ducimus similique ut quae laudantium culpa est. Dicta repellat cumque ullam nam. Exercitationem corporis pariatur nobis delectus.', 'Delectus est quasi voluptatum aliquam voluptas explicabo qui. Praesentium possimus et quia quo aut. Beatae maiores dicta laboriosam facilis quaerat dolores.');
INSERT INTO `requests` (`requestID`, `requesting_userID`, `serviceID`, `requestDate`, `responseDate`, `request_statusID`, `message`, `response`) VALUES (00000000046, 0000000046, 00000000046, '2009-08-12 13:46:39', '1972-06-24 20:27:56', 'visto', 'Impedit in expedita architecto in ratione quae. Qui veniam dolores sapiente et enim ipsa nihil accusantium. Ab qui veritatis et eos. Consequuntur officiis quo quo consequatur qui.', 'Rerum qui enim enim vel magnam pariatur quia. Doloremque aperiam rerum dolores aut. Voluptatem laudantium dolorem culpa officiis sunt inventore nihil.');
INSERT INTO `requests` (`requestID`, `requesting_userID`, `serviceID`, `requestDate`, `responseDate`, `request_statusID`, `message`, `response`) VALUES (00000000047, 0000000047, 00000000047, '2005-04-12 17:32:34', '1997-06-03 05:09:50', 'respondid', 'Repellendus sunt sapiente sapiente molestiae rem impedit harum. Et earum reiciendis ratione non possimus perferendis. Et soluta ut ea temporibus autem dolor id. Et accusamus non soluta consequatur exercitationem et.', 'Libero voluptatibus adipisci rerum. Molestiae eius recusandae nobis. Rerum est et quis ducimus aut. Eos deserunt non voluptas numquam et.');
INSERT INTO `requests` (`requestID`, `requesting_userID`, `serviceID`, `requestDate`, `responseDate`, `request_statusID`, `message`, `response`) VALUES (00000000048, 0000000048, 00000000048, '1970-09-05 20:21:50', '2010-08-27 21:53:42', 'moderacio', 'Veritatis laborum cum pariatur. Omnis quam non corporis natus. Quo non voluptatibus assumenda quod nesciunt.', 'Ipsam eaque sequi ullam. Sunt sed consequatur aspernatur. Exercitationem mollitia quos amet molestiae provident assumenda. Labore blanditiis assumenda possimus assumenda et dolores.');
INSERT INTO `requests` (`requestID`, `requesting_userID`, `serviceID`, `requestDate`, `responseDate`, `request_statusID`, `message`, `response`) VALUES (00000000049, 0000000049, 00000000049, '1999-08-15 20:02:37', '1974-02-17 17:08:34', 'inhabilit', 'Sapiente rem id molestias delectus aliquam dolores quae. Saepe fugit praesentium magni. Quisquam ea modi eaque voluptatem voluptatem rerum ipsam voluptatibus. Praesentium molestiae vitae voluptas voluptatem molestiae.', 'Iusto molestiae distinctio earum asperiores fuga repellat. Voluptatem velit quis alias voluptatem mollitia. Est eos consequatur beatae laboriosam. Rerum ipsa consequatur omnis vel vel omnis ipsam.');
INSERT INTO `requests` (`requestID`, `requesting_userID`, `serviceID`, `requestDate`, `responseDate`, `request_statusID`, `message`, `response`) VALUES (00000000050, 0000000050, 00000000050, '1988-01-01 01:20:55', '1977-11-09 23:28:44', 'respondid', 'Qui neque maiores nihil necessitatibus alias laborum nisi. Quia omnis eaque et id adipisci ratione. Vel deleniti facere eligendi iure placeat minima ut perspiciatis. Maiores recusandae sunt praesentium.', 'Libero consequatur aspernatur velit blanditiis eligendi. Et deleniti error non et ut. Non iure odit id illo aut explicabo. Est excepturi sit tenetur itaque quia consequatur atque.');
INSERT INTO `requests` (`requestID`, `requesting_userID`, `serviceID`, `requestDate`, `responseDate`, `request_statusID`, `message`, `response`) VALUES (00000000051, 0000000051, 00000000051, '1996-09-01 09:50:42', '2017-04-04 19:52:55', 'inhabilit', 'Qui tenetur excepturi nam quis dicta numquam dolore. Nulla id eum voluptate. Dolorum quia esse laboriosam magnam et magnam.', 'Quos corporis voluptatem harum aliquam. Aut nihil iusto omnis. Nihil nisi eos et odio esse dicta. Quidem voluptatem rerum fugit repellat dicta.');
INSERT INTO `requests` (`requestID`, `requesting_userID`, `serviceID`, `requestDate`, `responseDate`, `request_statusID`, `message`, `response`) VALUES (00000000052, 0000000052, 00000000052, '2006-05-04 19:34:25', '1977-01-10 06:48:57', 'moderacio', 'Quibusdam quibusdam aliquam et et. Id quis officiis consequatur autem doloribus. Enim officiis quas eum omnis.', 'In eaque a facere. Aperiam dolor commodi ipsum. In ratione dolores eum sint eveniet adipisci.\nDolorem consequatur unde voluptas ratione qui reprehenderit non et. Hic quis ea quia corrupti.');
INSERT INTO `requests` (`requestID`, `requesting_userID`, `serviceID`, `requestDate`, `responseDate`, `request_statusID`, `message`, `response`) VALUES (00000000053, 0000000053, 00000000053, '1983-08-12 18:02:28', '1994-09-22 21:06:18', 'visto', 'Est quo illum et aut deserunt est dolore. Laudantium aut molestias iusto dolor. Voluptatem temporibus ut asperiores a dicta.', 'Explicabo voluptas alias quia. Est eum eligendi enim non amet. Quia repellat voluptates eum quo nobis quia assumenda. Provident unde consequatur quae et quis expedita vel.');
INSERT INTO `requests` (`requestID`, `requesting_userID`, `serviceID`, `requestDate`, `responseDate`, `request_statusID`, `message`, `response`) VALUES (00000000054, 0000000054, 00000000054, '1971-03-05 18:49:58', '2003-11-23 08:38:57', 'visto', 'Repellat culpa pariatur consequatur nostrum et consequatur deserunt. At impedit perferendis in occaecati odit rem in.', 'Omnis molestias exercitationem voluptatem animi. Maxime culpa error et. Deleniti a vero vitae. Inventore tempore officia provident placeat. Assumenda totam tempore placeat tenetur quidem est.');
INSERT INTO `requests` (`requestID`, `requesting_userID`, `serviceID`, `requestDate`, `responseDate`, `request_statusID`, `message`, `response`) VALUES (00000000055, 0000000055, 00000000055, '1977-01-07 02:08:12', '1985-05-28 12:09:04', 'solicitado', 'Quam est praesentium voluptatem omnis in eos. Et suscipit voluptas quia consequuntur nesciunt exercitationem. Facere consequatur doloribus sed nisi ut qui facilis.', 'Amet ad expedita cupiditate. Officiis maxime dolore dicta assumenda et ad. Sint numquam sapiente cum esse eum ipsum nesciunt. Est ut ducimus hic repudiandae deleniti.');
INSERT INTO `requests` (`requestID`, `requesting_userID`, `serviceID`, `requestDate`, `responseDate`, `request_statusID`, `message`, `response`) VALUES (00000000056, 0000000056, 00000000056, '1981-08-02 14:25:15', '1978-07-08 15:26:43', 'inhabilit', 'Quidem quas dicta laborum eos. Eius et temporibus magnam rerum quia officia. Explicabo qui earum perferendis ut.', 'Et nulla praesentium nulla omnis tempore iusto. Nam nostrum dolor laudantium voluptatem amet ipsa aliquid. Ut iure libero consequatur impedit et unde.');
INSERT INTO `requests` (`requestID`, `requesting_userID`, `serviceID`, `requestDate`, `responseDate`, `request_statusID`, `message`, `response`) VALUES (00000000057, 0000000057, 00000000057, '2000-12-08 13:22:47', '1980-01-29 00:54:58', 'moderacio', 'Quos alias veritatis provident aut. Quas consectetur cumque qui sapiente incidunt aspernatur. Assumenda mollitia ducimus ex maxime reprehenderit minima.', 'Suscipit tenetur velit facilis porro temporibus. Rerum nihil nam qui dolorem voluptatibus vitae possimus. Modi ad saepe ut sit nostrum voluptas.');
INSERT INTO `requests` (`requestID`, `requesting_userID`, `serviceID`, `requestDate`, `responseDate`, `request_statusID`, `message`, `response`) VALUES (00000000058, 0000000058, 00000000058, '1971-03-12 17:07:10', '2010-08-01 14:55:52', 'solicitado', 'Nesciunt facere provident culpa nulla animi temporibus quis nihil. Omnis reprehenderit illo veniam explicabo quia facere dolor. Ab neque est suscipit.', 'Non odit vitae quisquam velit. Quam et recusandae dolore consequatur laboriosam aut. Quis quis corrupti est cum qui architecto consequuntur.');
INSERT INTO `requests` (`requestID`, `requesting_userID`, `serviceID`, `requestDate`, `responseDate`, `request_statusID`, `message`, `response`) VALUES (00000000059, 0000000059, 00000000059, '1994-01-08 08:33:35', '1979-11-22 11:09:20', 'inhabilit', 'Ea voluptates vitae qui. Atque qui qui consectetur rerum neque in est. Nemo voluptatibus eum sed officiis est.', 'Quod et ducimus excepturi et neque. Omnis dolorem libero ipsum accusamus amet soluta porro. Est sunt animi et impedit sint natus ea. Mollitia repellendus aut rem voluptatum qui quisquam.');
INSERT INTO `requests` (`requestID`, `requesting_userID`, `serviceID`, `requestDate`, `responseDate`, `request_statusID`, `message`, `response`) VALUES (00000000060, 0000000060, 00000000060, '1982-06-27 20:56:16', '1972-06-29 14:52:52', 'cancelado', 'Quis sunt voluptates quam sit assumenda quaerat quia. Qui voluptatem molestias aut commodi tempore quasi est. Ut quia placeat est qui odio voluptate. Qui optio quo et nesciunt.', 'Nobis vero dolores sed rerum reiciendis incidunt. Eius quaerat exercitationem et. Quia dolorem sit dolorem eius autem ut fugiat.');
INSERT INTO `requests` (`requestID`, `requesting_userID`, `serviceID`, `requestDate`, `responseDate`, `request_statusID`, `message`, `response`) VALUES (00000000061, 0000000061, 00000000001, '1996-01-17 23:44:07', '1995-10-14 23:19:15', 'solicitado', 'A sunt quae dolorum rerum incidunt. Ut aut nesciunt est ducimus. In aut sunt sit ea.', 'Voluptatem labore veniam voluptatum fugiat sint incidunt. Minus et adipisci numquam ut et mollitia temporibus. Deserunt est autem quia ad debitis maiores. Enim perferendis non explicabo nobis ut.');
INSERT INTO `requests` (`requestID`, `requesting_userID`, `serviceID`, `requestDate`, `responseDate`, `request_statusID`, `message`, `response`) VALUES (00000000062, 0000000062, 00000000002, '2003-03-12 07:16:11', '2008-10-17 13:39:06', 'moderacio', 'Quia et non est vel. Nisi doloribus cupiditate doloribus eos pariatur. Distinctio in consequatur at id natus quia voluptas ex. Dolores aliquam est distinctio dolor.', 'Magni dolorum commodi ea quia aliquam sunt dignissimos ea. Perspiciatis non in non sit. Cupiditate ex aut praesentium et nobis.');
INSERT INTO `requests` (`requestID`, `requesting_userID`, `serviceID`, `requestDate`, `responseDate`, `request_statusID`, `message`, `response`) VALUES (00000000063, 0000000063, 00000000003, '1987-10-23 02:04:24', '2000-10-07 09:53:02', 'cancelado', 'Tempora autem eligendi et deleniti. Ipsa sequi alias ducimus. Deserunt distinctio voluptates nemo consequatur.', 'Voluptates iure autem velit assumenda natus delectus magni et. Assumenda quia laudantium eligendi nam. Molestiae corrupti aspernatur recusandae itaque. Et nulla eligendi temporibus dolores enim.');
INSERT INTO `requests` (`requestID`, `requesting_userID`, `serviceID`, `requestDate`, `responseDate`, `request_statusID`, `message`, `response`) VALUES (00000000064, 0000000064, 00000000004, '1970-12-01 21:48:37', '1992-03-08 00:54:33', 'inhabilit', 'Et excepturi vero sint id quod iusto. Et nam qui voluptatem ut magni. Consequatur in nisi iure voluptas omnis qui porro. Sunt non est assumenda est aspernatur totam quia. Veritatis velit sed ratione ut quisquam velit.', 'Nobis culpa accusamus voluptatem quos cumque. Voluptates repellendus ut eum. Ad provident est ut fugiat sint ut. Velit inventore maiores et repellendus nesciunt debitis deleniti.');
INSERT INTO `requests` (`requestID`, `requesting_userID`, `serviceID`, `requestDate`, `responseDate`, `request_statusID`, `message`, `response`) VALUES (00000000065, 0000000065, 00000000005, '2014-03-12 09:15:50', '1989-05-25 16:35:26', 'solicitado', 'Necessitatibus minus et et corrupti magnam. Illo blanditiis quas id rerum et molestiae exercitationem fuga. Repudiandae dignissimos tempore magni. Exercitationem voluptatum et quis sed velit dicta voluptatibus.', 'Architecto deleniti molestiae nemo veritatis distinctio dolores numquam. Vitae iure quo dolores aliquam quia. Doloremque dolor ducimus quos commodi assumenda et.');
INSERT INTO `requests` (`requestID`, `requesting_userID`, `serviceID`, `requestDate`, `responseDate`, `request_statusID`, `message`, `response`) VALUES (00000000066, 0000000066, 00000000006, '1979-09-23 17:56:37', '1980-08-26 09:59:55', 'cancelado', 'Sit veniam voluptate asperiores. Eaque aut exercitationem sunt aut autem quia qui. Aspernatur aliquam nihil omnis nobis quam vel alias. Voluptatem debitis sunt neque corrupti et et. Eum impedit excepturi officiis aut.', 'Maiores molestiae numquam sint maxime ut. Vitae quis est provident sequi nihil iusto sit. Rem illo temporibus optio. Quae nihil molestias aliquid suscipit perferendis.');
INSERT INTO `requests` (`requestID`, `requesting_userID`, `serviceID`, `requestDate`, `responseDate`, `request_statusID`, `message`, `response`) VALUES (00000000067, 0000000067, 00000000007, '1997-01-01 05:41:18', '1978-10-24 08:04:45', 'cancelado', 'Ex id eligendi similique aut. Est perspiciatis quia ipsum. Corporis inventore molestias et qui.', 'Eos aut aut temporibus incidunt. Aspernatur adipisci esse error dolor qui incidunt. Expedita voluptatem qui rerum.');
INSERT INTO `requests` (`requestID`, `requesting_userID`, `serviceID`, `requestDate`, `responseDate`, `request_statusID`, `message`, `response`) VALUES (00000000068, 0000000068, 00000000008, '2003-05-26 15:14:16', '1974-08-02 08:54:52', 'cancelado', 'Adipisci eveniet minima et earum. Adipisci enim sint asperiores sed. Necessitatibus quis eaque eveniet aliquid dolor.', 'Doloribus est ut quod veniam. Aliquid numquam blanditiis qui. Harum dolores tenetur totam quam blanditiis.');
INSERT INTO `requests` (`requestID`, `requesting_userID`, `serviceID`, `requestDate`, `responseDate`, `request_statusID`, `message`, `response`) VALUES (00000000069, 0000000069, 00000000009, '1975-11-25 09:45:30', '2003-10-22 16:51:15', 'solicitado', 'Cupiditate sint similique sed in consequatur ratione. Sapiente sed commodi est quod voluptatem excepturi id.', 'Sit provident enim nemo nesciunt ut temporibus qui. Quidem sit ratione itaque et voluptatem voluptatibus. Voluptate nisi nihil rerum hic.');
INSERT INTO `requests` (`requestID`, `requesting_userID`, `serviceID`, `requestDate`, `responseDate`, `request_statusID`, `message`, `response`) VALUES (00000000070, 0000000070, 00000000010, '2016-01-03 17:30:08', '2003-04-07 09:14:43', 'moderacio', 'Culpa voluptatibus adipisci mollitia deserunt velit aliquam. Voluptas tempora facilis non ipsum dolore consequatur. Et cum non quod et. Eveniet dolore esse qui tenetur adipisci optio quia. Et et rerum maiores facere molestiae in.', 'Et voluptas rerum in sunt ut voluptatem assumenda. Nesciunt repellendus omnis aut voluptatem sapiente. Dolores quaerat earum dolores debitis aspernatur.');
INSERT INTO `requests` (`requestID`, `requesting_userID`, `serviceID`, `requestDate`, `responseDate`, `request_statusID`, `message`, `response`) VALUES (00000000071, 0000000071, 00000000011, '2017-11-10 05:49:33', '2009-01-24 04:41:34', 'cancelado', 'Quidem consequatur aut dolore dignissimos. Animi qui porro voluptatem illo vitae magnam. Quia doloremque et velit fugit at minima et.', 'Ut quae et corporis ratione blanditiis similique consequuntur. Aliquam fugiat ad odit necessitatibus repellendus rerum. Ut itaque odio est nisi. Quam pariatur quasi dignissimos dolores.');
INSERT INTO `requests` (`requestID`, `requesting_userID`, `serviceID`, `requestDate`, `responseDate`, `request_statusID`, `message`, `response`) VALUES (00000000072, 0000000072, 00000000012, '2011-09-25 07:39:42', '2017-03-15 13:24:28', 'inhabilit', 'Repellat quibusdam dicta doloribus sit porro voluptatum. Temporibus consequatur omnis voluptates voluptas ratione. Commodi blanditiis quidem omnis.', 'Deleniti ut minus molestiae sit quis. Provident sunt ut qui quae nihil maxime nihil.');
INSERT INTO `requests` (`requestID`, `requesting_userID`, `serviceID`, `requestDate`, `responseDate`, `request_statusID`, `message`, `response`) VALUES (00000000073, 0000000073, 00000000013, '2007-01-27 01:50:15', '1993-09-03 09:37:22', 'respondid', 'Quis animi voluptatem ut voluptatum velit nisi. Repellendus doloremque quia omnis enim et molestiae. Vitae aliquam dignissimos est totam dolores doloribus.', 'Omnis iusto magnam sit officia ratione quis. Mollitia enim ullam ut porro id et. Laborum voluptatem et quis ipsa eius ipsa. Iure culpa aliquid est laudantium sunt et.');
INSERT INTO `requests` (`requestID`, `requesting_userID`, `serviceID`, `requestDate`, `responseDate`, `request_statusID`, `message`, `response`) VALUES (00000000074, 0000000074, 00000000014, '2011-01-22 23:49:24', '1972-04-18 06:16:25', 'solicitado', 'Accusantium id natus molestiae incidunt voluptatem et. Aliquam quia autem necessitatibus. Sint voluptatem repellendus ea ut atque. Qui expedita id officia doloribus minima. Quibusdam dolorum rerum fugit laboriosam tenetur.', 'Explicabo soluta et id nihil porro iusto. Soluta voluptatem commodi temporibus odio. Consectetur consequuntur aut voluptatem aut animi quia. Delectus rerum aliquid ut rerum veniam tempora et ea.');
INSERT INTO `requests` (`requestID`, `requesting_userID`, `serviceID`, `requestDate`, `responseDate`, `request_statusID`, `message`, `response`) VALUES (00000000075, 0000000075, 00000000015, '1980-02-08 05:38:51', '2014-04-20 02:31:29', 'solicitado', 'Quia ut et laboriosam officiis cupiditate optio dolorum. Corporis dolor et autem quisquam est libero et. Impedit sunt ut sint commodi commodi eos est.', 'Molestiae dolores quis eaque aperiam suscipit libero ducimus. Ipsam sed harum laborum nostrum quibusdam sequi iure. Eum pariatur voluptatibus voluptatum. Recusandae vitae nesciunt consectetur et.');
INSERT INTO `requests` (`requestID`, `requesting_userID`, `serviceID`, `requestDate`, `responseDate`, `request_statusID`, `message`, `response`) VALUES (00000000076, 0000000076, 00000000016, '1978-08-05 07:07:51', '2016-11-20 07:57:15', 'respondid', 'Culpa est voluptas dolores aut et nulla ut. Est voluptatem enim similique enim veniam ut saepe eum. Quibusdam velit animi neque autem tenetur alias.', 'Mollitia et minus voluptate libero veniam. Eos eaque et animi doloribus. Blanditiis eos eum sequi.');
INSERT INTO `requests` (`requestID`, `requesting_userID`, `serviceID`, `requestDate`, `responseDate`, `request_statusID`, `message`, `response`) VALUES (00000000077, 0000000077, 00000000017, '2009-03-27 02:34:10', '2010-08-27 07:24:34', 'cancelado', 'Perferendis aut et mollitia accusamus quas et. Qui repellendus eligendi esse doloremque delectus id. Incidunt iure ullam facilis cupiditate. Sint alias placeat sit dicta quod voluptas magnam.', 'Occaecati eos id natus. Et quaerat quasi non nihil et.');
INSERT INTO `requests` (`requestID`, `requesting_userID`, `serviceID`, `requestDate`, `responseDate`, `request_statusID`, `message`, `response`) VALUES (00000000078, 0000000078, 00000000018, '2011-02-06 13:23:16', '1977-10-20 15:50:49', 'cancelado', 'Alias voluptatem iste consequatur occaecati sapiente. Facilis sed dolore id odit. Suscipit praesentium at reiciendis alias. Qui voluptates non molestias et est dignissimos error unde.', 'Explicabo eum dolores quibusdam consequatur veritatis illo iure. Alias vitae id explicabo harum. Dolor iste ullam distinctio. Vel repellendus cum delectus nisi magnam ipsum.');
INSERT INTO `requests` (`requestID`, `requesting_userID`, `serviceID`, `requestDate`, `responseDate`, `request_statusID`, `message`, `response`) VALUES (00000000079, 0000000079, 00000000019, '2008-07-21 02:20:03', '2011-08-25 12:41:18', 'visto', 'Quo quam vitae itaque molestiae aut maiores repellat. Quia dolores architecto repellendus molestias animi.', 'Itaque corrupti et quis molestias. Sunt at nihil vero fuga totam dicta repellendus.');
INSERT INTO `requests` (`requestID`, `requesting_userID`, `serviceID`, `requestDate`, `responseDate`, `request_statusID`, `message`, `response`) VALUES (00000000080, 0000000080, 00000000020, '1976-01-12 18:57:54', '2015-06-05 05:06:28', 'inhabilit', 'Reprehenderit ipsum maiores repudiandae vel voluptatem impedit ea. Illo placeat qui magni aut aliquid incidunt enim magnam. Dignissimos ut nisi quis tempora ut.', 'Ut aut aut aut aut. Voluptatem placeat dicta ut maiores corrupti porro quisquam. Ut totam quaerat ducimus. Aspernatur ullam nihil odit praesentium.');
INSERT INTO `requests` (`requestID`, `requesting_userID`, `serviceID`, `requestDate`, `responseDate`, `request_statusID`, `message`, `response`) VALUES (00000000081, 0000000081, 00000000021, '2015-06-03 17:22:13', '2004-06-21 21:28:46', 'visto', 'Unde voluptas at sint soluta et. Eveniet dolorem sint nesciunt ullam minus non et accusamus. Modi molestiae explicabo fugit ipsum illo iste aut. Quia aspernatur ullam ratione exercitationem voluptates eos.', 'Tempore facilis ut voluptatem labore. Velit doloremque voluptatem labore aut reprehenderit. Voluptatem cupiditate officia tempora ullam eum aspernatur.');
INSERT INTO `requests` (`requestID`, `requesting_userID`, `serviceID`, `requestDate`, `responseDate`, `request_statusID`, `message`, `response`) VALUES (00000000082, 0000000082, 00000000022, '2005-10-29 19:29:28', '1980-09-15 14:29:37', 'respondid', 'Magni nisi ad veritatis expedita ipsa et perferendis. Nesciunt est dicta et similique qui ipsam. Molestias consectetur nihil expedita corrupti.', 'Veritatis omnis aut soluta eius eum iste eligendi. Est amet optio alias voluptatem iure. Veniam et ullam nesciunt quo adipisci deserunt. Enim ratione facere itaque voluptatem vel et.');
INSERT INTO `requests` (`requestID`, `requesting_userID`, `serviceID`, `requestDate`, `responseDate`, `request_statusID`, `message`, `response`) VALUES (00000000083, 0000000083, 00000000023, '2010-12-15 08:09:56', '2002-09-02 09:31:34', 'cancelado', 'Id quo nesciunt hic officia et delectus. Explicabo est et magni quia. Aliquam dolores eos sit.', 'Aut a praesentium suscipit molestias. Rerum dignissimos sed rem consectetur et beatae. Expedita est et nostrum voluptatibus. Sunt esse ut qui delectus autem.');
INSERT INTO `requests` (`requestID`, `requesting_userID`, `serviceID`, `requestDate`, `responseDate`, `request_statusID`, `message`, `response`) VALUES (00000000084, 0000000084, 00000000024, '1985-04-13 23:59:18', '1999-11-29 08:30:25', 'inhabilit', 'Et deleniti aperiam itaque ea ex quod nemo. Quia dolores ut sapiente voluptatem dolorum autem consectetur. Ut sit rerum placeat nulla deserunt. Perspiciatis et consequuntur perferendis vitae rerum mollitia necessitatibus.', 'Quo vel excepturi voluptate laborum eum velit iusto. Atque quod odit corrupti quae ex et nostrum eum. Et placeat totam officia eaque beatae velit.');
INSERT INTO `requests` (`requestID`, `requesting_userID`, `serviceID`, `requestDate`, `responseDate`, `request_statusID`, `message`, `response`) VALUES (00000000085, 0000000085, 00000000025, '1985-08-05 21:52:29', '2005-01-28 07:51:17', 'moderacio', 'Eligendi perferendis quis quos voluptas quae velit. Nihil placeat non ratione est fuga quia nam. Est ut tenetur impedit aliquid. Quia excepturi aut tenetur nostrum iusto tenetur porro.', 'Numquam cumque tempora voluptatem rerum earum. Doloremque earum et et facere sint ab. Ut ex quibusdam nulla odit harum eveniet.');
INSERT INTO `requests` (`requestID`, `requesting_userID`, `serviceID`, `requestDate`, `responseDate`, `request_statusID`, `message`, `response`) VALUES (00000000086, 0000000086, 00000000026, '1975-07-02 07:41:01', '1992-03-03 07:33:41', 'moderacio', 'Non porro dolorem ratione odio dolor. Dicta tenetur beatae voluptatem atque error natus. Ut labore et aspernatur asperiores adipisci odio doloremque. Totam vitae quisquam nobis aut vero assumenda voluptates vel.', 'Est vero ut quisquam sit tenetur soluta. Alias nam quia eius earum debitis. Perspiciatis corrupti corporis non magni quibusdam.');
INSERT INTO `requests` (`requestID`, `requesting_userID`, `serviceID`, `requestDate`, `responseDate`, `request_statusID`, `message`, `response`) VALUES (00000000087, 0000000087, 00000000027, '1998-11-27 10:18:11', '1999-09-20 13:13:26', 'cancelado', 'Est aut voluptatem ut. Ut nihil magnam quos.', 'Aspernatur nulla quas voluptas voluptas a quaerat aspernatur ut. Commodi quisquam non vel officiis quia molestiae. Perferendis ut dolores quod ut et omnis vel.');
INSERT INTO `requests` (`requestID`, `requesting_userID`, `serviceID`, `requestDate`, `responseDate`, `request_statusID`, `message`, `response`) VALUES (00000000088, 0000000088, 00000000028, '1989-09-02 20:41:15', '1994-08-31 19:39:28', 'solicitado', 'Quidem aut nihil eius ut nemo eligendi. Sint ut aut rem ut. Sit ut reiciendis aut libero eum in. Est quaerat nihil in odio reprehenderit.', 'Et temporibus eum architecto. Eaque quia eaque quae voluptatum minima omnis facere. Fuga similique impedit minima nesciunt et. Alias nihil quod et aut illo.');
INSERT INTO `requests` (`requestID`, `requesting_userID`, `serviceID`, `requestDate`, `responseDate`, `request_statusID`, `message`, `response`) VALUES (00000000089, 0000000089, 00000000029, '2011-10-07 17:05:56', '1996-06-29 19:30:25', 'solicitado', 'Voluptate soluta nemo officiis odio ab laboriosam. Consequuntur ipsa voluptatum quis assumenda. Dolor eveniet aut architecto dolorem quod numquam voluptatum.', 'Dignissimos dolorem expedita neque illo quos nulla dolorem. Doloremque iusto quia aspernatur explicabo et a. Voluptas est alias architecto voluptatibus occaecati.');
INSERT INTO `requests` (`requestID`, `requesting_userID`, `serviceID`, `requestDate`, `responseDate`, `request_statusID`, `message`, `response`) VALUES (00000000090, 0000000090, 00000000030, '2002-07-10 06:28:50', '1997-07-28 22:03:15', 'respondid', 'Atque nulla unde eveniet incidunt sequi quam rerum. A voluptas eveniet sed omnis facilis. In quaerat quis optio ut.', 'Rerum mollitia veniam aliquid adipisci culpa et et. Sunt quia fugit quas deserunt qui saepe aut illo. Perspiciatis qui dolor sint expedita et quia reprehenderit.');
INSERT INTO `requests` (`requestID`, `requesting_userID`, `serviceID`, `requestDate`, `responseDate`, `request_statusID`, `message`, `response`) VALUES (00000000091, 0000000091, 00000000031, '2002-12-22 00:39:54', '2005-02-15 03:55:40', 'solicitado', 'Fugiat eum officiis enim totam. Repellendus voluptates non sint tempora non nihil dolores.', 'Magnam excepturi deleniti ut aut aut. Quos voluptas accusamus animi et quasi odit. Rerum qui fugiat sed cumque saepe laborum inventore.');
INSERT INTO `requests` (`requestID`, `requesting_userID`, `serviceID`, `requestDate`, `responseDate`, `request_statusID`, `message`, `response`) VALUES (00000000092, 0000000092, 00000000032, '1977-01-03 06:23:23', '2016-10-12 05:18:45', 'respondid', 'Quia rem quis quo sed ea. Praesentium ea necessitatibus voluptatem. Ut voluptatem voluptatibus distinctio. Accusantium autem quia officiis magnam nostrum voluptatem.', 'Consectetur ex deleniti accusantium debitis nobis commodi ut. Quibusdam ab est unde ratione et. Minus ratione ducimus impedit culpa iste est autem.');
INSERT INTO `requests` (`requestID`, `requesting_userID`, `serviceID`, `requestDate`, `responseDate`, `request_statusID`, `message`, `response`) VALUES (00000000093, 0000000093, 00000000033, '1996-12-16 11:01:32', '2013-06-02 15:02:30', 'inhabilit', 'Minima ut sit cumque enim sed dolores mollitia. Dolores suscipit sint perferendis asperiores quo et. Facilis recusandae doloribus ea pariatur.', 'Placeat ipsam laudantium omnis laudantium. Delectus nam excepturi voluptatibus ducimus et est sed. In blanditiis laborum corrupti consectetur rem soluta.');
INSERT INTO `requests` (`requestID`, `requesting_userID`, `serviceID`, `requestDate`, `responseDate`, `request_statusID`, `message`, `response`) VALUES (00000000094, 0000000094, 00000000034, '2004-10-13 21:38:24', '1999-06-19 00:53:37', 'visto', 'Sit omnis dolore maiores repellendus illo blanditiis totam. Fuga quis sint optio ut. Quo quia ut eaque soluta.', 'Ut eligendi et nam sunt ea numquam maiores aut. Voluptatem sed quae expedita ipsa similique voluptate. Ipsa architecto accusamus ipsum impedit et. Minima voluptatem ipsam ab qui aperiam.');
INSERT INTO `requests` (`requestID`, `requesting_userID`, `serviceID`, `requestDate`, `responseDate`, `request_statusID`, `message`, `response`) VALUES (00000000095, 0000000095, 00000000035, '1977-03-20 08:33:09', '1983-08-16 21:05:58', 'solicitado', 'Laborum iste voluptatem rerum laudantium excepturi magnam dolorem. Quis aliquam est quo similique ex. Quasi occaecati quibusdam dicta tenetur suscipit tenetur. Sunt eos quos et eligendi ducimus possimus.', 'Nihil natus hic hic tempora ut voluptas nihil. Odio a natus ipsam ab suscipit et corporis. Sint eveniet et dolorem eum doloribus eligendi occaecati.');
INSERT INTO `requests` (`requestID`, `requesting_userID`, `serviceID`, `requestDate`, `responseDate`, `request_statusID`, `message`, `response`) VALUES (00000000096, 0000000096, 00000000036, '1993-10-15 21:43:51', '2009-03-25 11:56:45', 'solicitado', 'Nostrum quia quae laudantium. Omnis amet qui minus iste beatae. Inventore aut et quo aliquam quis autem.', 'Ab iure consequuntur omnis aspernatur id. Accusantium molestiae aliquam eligendi qui voluptatem enim ad. Aut saepe alias ea aut iste quia. Nesciunt velit debitis sed consequatur dolore.');
INSERT INTO `requests` (`requestID`, `requesting_userID`, `serviceID`, `requestDate`, `responseDate`, `request_statusID`, `message`, `response`) VALUES (00000000097, 0000000097, 00000000037, '2004-04-18 00:07:26', '1981-01-07 06:30:31', 'inhabilit', 'Dicta quisquam nostrum odit soluta non unde. Vitae aliquam eveniet enim quidem corporis ea. Libero odit et et deleniti cum assumenda. Repudiandae necessitatibus delectus et et necessitatibus officiis aut modi.', 'Est blanditiis porro omnis hic. Quam perspiciatis voluptatem aspernatur vel occaecati. Et rem at ut deleniti totam ea consequuntur. Eius dolore quo et sit ut voluptatem id.');
INSERT INTO `requests` (`requestID`, `requesting_userID`, `serviceID`, `requestDate`, `responseDate`, `request_statusID`, `message`, `response`) VALUES (00000000098, 0000000098, 00000000038, '1975-02-23 23:23:02', '2012-07-19 13:31:05', 'cancelado', 'Minus itaque voluptas officia architecto laborum autem voluptatum rerum. Minus asperiores occaecati aut id error pariatur consectetur rerum. Consequatur voluptas illo labore eaque laborum et veniam optio. Ipsum repellendus eum illum ipsum in labore. Qui q', 'Iusto aperiam dolores cum ad voluptatum porro est. Autem sapiente voluptatem perferendis ratione assumenda. Voluptates dolore delectus iusto nemo.');
INSERT INTO `requests` (`requestID`, `requesting_userID`, `serviceID`, `requestDate`, `responseDate`, `request_statusID`, `message`, `response`) VALUES (00000000099, 0000000099, 00000000039, '1984-06-17 23:29:02', '1988-06-12 06:15:28', 'visto', 'Est amet veritatis explicabo provident quos. Aut accusamus amet voluptatem quisquam qui.', 'Incidunt dolorem iste culpa tenetur. Quae eius ratione distinctio dolorum facere. Ex enim molestias est odio et dolores. Aspernatur eveniet culpa molestias sit ut.');
INSERT INTO `requests` (`requestID`, `requesting_userID`, `serviceID`, `requestDate`, `responseDate`, `request_statusID`, `message`, `response`) VALUES (00000000100, 0000000100, 00000000040, '1978-05-06 03:24:05', '1980-10-19 16:30:46', 'solicitado', 'Beatae dolore inventore voluptatem id neque corporis. Alias est laudantium quasi sed. Sit rerum quos aspernatur corrupti. Nisi ut tempore sequi dolor nihil accusamus.', 'Et vel cumque voluptas adipisci est repudiandae ab eligendi. Consequatur quidem ut vitae omnis quod est. Nemo soluta repudiandae aut maxime incidunt ratione consequatur laboriosam.');


#
# TABLE STRUCTURE FOR: reviews
#

DROP TABLE IF EXISTS `reviews`;

CREATE TABLE `reviews` (
  `reviewID` int(11) unsigned zerofill NOT NULL AUTO_INCREMENT,
  `title` varchar(45) DEFAULT NULL,
  `desc` varchar(45) DEFAULT NULL,
  `pointsGiven` int(11) DEFAULT NULL,
  `picture` blob DEFAULT NULL,
  `reviewDate` varchar(45) DEFAULT NULL,
  `requestID` int(11) unsigned zerofill NOT NULL,
  PRIMARY KEY (`reviewID`),
  KEY `fk_review_request` (`requestID`),
  CONSTRAINT `fk_review_request` FOREIGN KEY (`requestID`) REFERENCES `requests` (`requestID`)
) ENGINE=InnoDB AUTO_INCREMENT=41 DEFAULT CHARSET=utf8 COMMENT='reviews made to provisions requested by users to providers';

INSERT INTO `reviews` (`reviewID`, `title`, `desc`, `pointsGiven`, `picture`, `reviewDate`, `requestID`) VALUES (00000000001, 'Et voluptas qui corporis error est nam fugiat', 'Two began in a sulky tone; \'Seven jogged my e', 1, NULL, '2015-03-10T17:48:59+0000', 00000000001);
INSERT INTO `reviews` (`reviewID`, `title`, `desc`, `pointsGiven`, `picture`, `reviewDate`, `requestID`) VALUES (00000000002, 'Eligendi dolor fuga blanditiis.', 'I should be free of them didn\'t know how to s', 3, NULL, '2006-07-11T23:07:24+0000', 00000000002);
INSERT INTO `reviews` (`reviewID`, `title`, `desc`, `pointsGiven`, `picture`, `reviewDate`, `requestID`) VALUES (00000000003, 'Similique itaque sapiente non ut ipsa minima ', 'I didn\'t know it was only too glad to do it.\'', 0, NULL, '1981-08-25T15:59:26+0000', 00000000003);
INSERT INTO `reviews` (`reviewID`, `title`, `desc`, `pointsGiven`, `picture`, `reviewDate`, `requestID`) VALUES (00000000004, 'Et porro at illum ex atque esse.', 'Duchess, \'and that\'s a fact.\' Alice did not a', 2, NULL, '1989-02-17T03:54:10+0000', 00000000004);
INSERT INTO `reviews` (`reviewID`, `title`, `desc`, `pointsGiven`, `picture`, `reviewDate`, `requestID`) VALUES (00000000005, 'Quia a rerum voluptatem veritatis corrupti.', 'Bill\'s got to see its meaning. \'And just as t', 5, NULL, '1983-05-11T23:42:53+0000', 00000000005);
INSERT INTO `reviews` (`reviewID`, `title`, `desc`, `pointsGiven`, `picture`, `reviewDate`, `requestID`) VALUES (00000000006, 'Minus ea consequatur aut sequi amet sint aut.', 'Alice could not join the dance? Will you, won', 0, NULL, '1994-03-20T08:21:32+0000', 00000000006);
INSERT INTO `reviews` (`reviewID`, `title`, `desc`, `pointsGiven`, `picture`, `reviewDate`, `requestID`) VALUES (00000000007, 'Corporis odio quidem et est autem.', 'Arithmetic--Ambition, Distraction, Uglificati', 5, NULL, '2000-11-20T04:24:09+0000', 00000000007);
INSERT INTO `reviews` (`reviewID`, `title`, `desc`, `pointsGiven`, `picture`, `reviewDate`, `requestID`) VALUES (00000000008, 'Ut totam non sint quo eaque consectetur.', 'Majesty!\' the soldiers remaining behind to ex', 4, NULL, '1988-04-27T02:07:26+0000', 00000000008);
INSERT INTO `reviews` (`reviewID`, `title`, `desc`, `pointsGiven`, `picture`, `reviewDate`, `requestID`) VALUES (00000000009, 'Natus aut maxime facere itaque ut.', 'Alice, (she had grown up,\' she said to hersel', 3, NULL, '1992-11-28T17:30:06+0000', 00000000009);
INSERT INTO `reviews` (`reviewID`, `title`, `desc`, `pointsGiven`, `picture`, `reviewDate`, `requestID`) VALUES (00000000010, 'Minus deleniti in quia dignissimos.', 'Cheshire Cat, she was up to the voice of the ', 2, NULL, '1987-03-16T03:47:46+0000', 00000000010);
INSERT INTO `reviews` (`reviewID`, `title`, `desc`, `pointsGiven`, `picture`, `reviewDate`, `requestID`) VALUES (00000000011, 'Et expedita quo facere consequatur aspernatur', 'King hastily said, and went on planning to he', 3, NULL, '1984-03-19T01:25:16+0000', 00000000011);
INSERT INTO `reviews` (`reviewID`, `title`, `desc`, `pointsGiven`, `picture`, `reviewDate`, `requestID`) VALUES (00000000012, 'Veniam ex asperiores quia cumque.', 'English!\' said the Caterpillar. \'Well, perhap', 3, NULL, '1971-04-02T00:25:05+0000', 00000000012);
INSERT INTO `reviews` (`reviewID`, `title`, `desc`, `pointsGiven`, `picture`, `reviewDate`, `requestID`) VALUES (00000000013, 'Minima architecto ipsam voluptatem non repell', 'Latitude was, or Longitude I\'ve got back to t', 2, NULL, '2000-06-15T01:13:49+0000', 00000000013);
INSERT INTO `reviews` (`reviewID`, `title`, `desc`, `pointsGiven`, `picture`, `reviewDate`, `requestID`) VALUES (00000000014, 'Qui et laudantium id voluptatibus.', 'I can remember feeling a little queer, won\'t ', 1, NULL, '2010-10-30T21:56:03+0000', 00000000014);
INSERT INTO `reviews` (`reviewID`, `title`, `desc`, `pointsGiven`, `picture`, `reviewDate`, `requestID`) VALUES (00000000015, 'Repudiandae optio sed commodi sed.', 'March Hare and the Queen\'s absence, and were ', 1, NULL, '1994-10-03T08:38:49+0000', 00000000015);
INSERT INTO `reviews` (`reviewID`, `title`, `desc`, `pointsGiven`, `picture`, `reviewDate`, `requestID`) VALUES (00000000016, 'Voluptate est voluptatem enim omnis.', 'Majesty,\' said Alice doubtfully: \'it means--t', 4, NULL, '1974-05-11T05:32:17+0000', 00000000016);
INSERT INTO `reviews` (`reviewID`, `title`, `desc`, `pointsGiven`, `picture`, `reviewDate`, `requestID`) VALUES (00000000017, 'Expedita aut et quibusdam illo.', 'I should be free of them bowed low. \'Would yo', 4, NULL, '2008-12-08T14:48:50+0000', 00000000017);
INSERT INTO `reviews` (`reviewID`, `title`, `desc`, `pointsGiven`, `picture`, `reviewDate`, `requestID`) VALUES (00000000018, 'Fugiat qui nostrum deserunt quia harum assume', 'Cat\'s head began fading away the time. Alice ', 5, NULL, '1981-08-23T05:41:00+0000', 00000000018);
INSERT INTO `reviews` (`reviewID`, `title`, `desc`, `pointsGiven`, `picture`, `reviewDate`, `requestID`) VALUES (00000000019, 'Iste et quisquam aut illum.', 'Lory, who at last turned sulky, and would onl', 0, NULL, '2006-09-21T07:26:37+0000', 00000000019);
INSERT INTO `reviews` (`reviewID`, `title`, `desc`, `pointsGiven`, `picture`, `reviewDate`, `requestID`) VALUES (00000000020, 'Blanditiis odit non architecto adipisci omnis', 'For anything tougher than suet; Yet you turne', 0, NULL, '2012-09-20T22:25:01+0000', 00000000020);
INSERT INTO `reviews` (`reviewID`, `title`, `desc`, `pointsGiven`, `picture`, `reviewDate`, `requestID`) VALUES (00000000021, 'Similique quo dolorem distinctio.', 'Bill had left off sneezing by this time, sat ', 0, NULL, '2016-02-12T21:32:26+0000', 00000000021);
INSERT INTO `reviews` (`reviewID`, `title`, `desc`, `pointsGiven`, `picture`, `reviewDate`, `requestID`) VALUES (00000000022, 'Deserunt molestias neque perspiciatis quis no', 'Queen. \'Well, I can\'t get out again. Suddenly', 3, NULL, '2014-07-01T04:43:25+0000', 00000000022);
INSERT INTO `reviews` (`reviewID`, `title`, `desc`, `pointsGiven`, `picture`, `reviewDate`, `requestID`) VALUES (00000000023, 'Voluptates consequatur velit nam quo nobis.', 'Alice said very humbly; \'I won\'t interrupt ag', 5, NULL, '1973-04-06T04:54:58+0000', 00000000023);
INSERT INTO `reviews` (`reviewID`, `title`, `desc`, `pointsGiven`, `picture`, `reviewDate`, `requestID`) VALUES (00000000024, 'Et laborum ab tenetur quia magni nostrum.', 'All the time he was going on shrinking rapidl', 3, NULL, '2016-02-22T08:28:34+0000', 00000000024);
INSERT INTO `reviews` (`reviewID`, `title`, `desc`, `pointsGiven`, `picture`, `reviewDate`, `requestID`) VALUES (00000000025, 'Voluptatum reprehenderit fugit aut culpa.', 'Mock Turtle. Alice was thoroughly puzzled. \'D', 5, NULL, '1975-05-12T06:52:03+0000', 00000000025);
INSERT INTO `reviews` (`reviewID`, `title`, `desc`, `pointsGiven`, `picture`, `reviewDate`, `requestID`) VALUES (00000000026, 'Voluptatibus qui reiciendis ut possimus adipi', 'Gryphon said, in a sulky tone, as it lasted.)', 2, NULL, '1998-02-23T08:56:07+0000', 00000000026);
INSERT INTO `reviews` (`reviewID`, `title`, `desc`, `pointsGiven`, `picture`, `reviewDate`, `requestID`) VALUES (00000000027, 'Qui asperiores ratione adipisci sit.', 'Mock Turtle, capering wildly about. \'Change l', 4, NULL, '2003-09-09T20:51:09+0000', 00000000027);
INSERT INTO `reviews` (`reviewID`, `title`, `desc`, `pointsGiven`, `picture`, `reviewDate`, `requestID`) VALUES (00000000028, 'Excepturi aut quidem tenetur magnam nesciunt.', 'I\'M a Duchess,\' she said this, she came in wi', 0, NULL, '1972-12-22T06:52:56+0000', 00000000028);
INSERT INTO `reviews` (`reviewID`, `title`, `desc`, `pointsGiven`, `picture`, `reviewDate`, `requestID`) VALUES (00000000029, 'Quis et eligendi voluptatem perferendis nobis', 'VERY deeply with a teacup in one hand, and Al', 1, NULL, '1975-10-02T15:24:32+0000', 00000000029);
INSERT INTO `reviews` (`reviewID`, `title`, `desc`, `pointsGiven`, `picture`, `reviewDate`, `requestID`) VALUES (00000000030, 'Nostrum adipisci ducimus dignissimos occaecat', 'Alice felt that she let the Dormouse again, s', 3, NULL, '1981-11-12T16:06:19+0000', 00000000030);
INSERT INTO `reviews` (`reviewID`, `title`, `desc`, `pointsGiven`, `picture`, `reviewDate`, `requestID`) VALUES (00000000031, 'Enim laudantium fuga repellat distinctio in.', 'Alice indignantly. \'Ah! then yours wasn\'t a r', 5, NULL, '2003-12-22T08:23:17+0000', 00000000031);
INSERT INTO `reviews` (`reviewID`, `title`, `desc`, `pointsGiven`, `picture`, `reviewDate`, `requestID`) VALUES (00000000032, 'Et est quas quia consectetur qui aperiam.', 'See how eagerly the lobsters and the poor chi', 5, NULL, '1984-12-06T17:50:33+0000', 00000000032);
INSERT INTO `reviews` (`reviewID`, `title`, `desc`, `pointsGiven`, `picture`, `reviewDate`, `requestID`) VALUES (00000000033, 'Dolorem non fugiat dolorem voluptas aut aut n', 'This seemed to have been a holiday?\' \'Of cour', 0, NULL, '1975-02-13T09:44:49+0000', 00000000033);
INSERT INTO `reviews` (`reviewID`, `title`, `desc`, `pointsGiven`, `picture`, `reviewDate`, `requestID`) VALUES (00000000034, 'Quasi incidunt excepturi soluta animi molesti', 'Five. \'I heard the King replied. Here the oth', 3, NULL, '1998-05-01T08:49:38+0000', 00000000034);
INSERT INTO `reviews` (`reviewID`, `title`, `desc`, `pointsGiven`, `picture`, `reviewDate`, `requestID`) VALUES (00000000035, 'Aut officiis commodi et beatae itaque et blan', 'YOUR business, Two!\' said Seven. \'Yes, it IS ', 4, NULL, '1992-10-10T00:51:24+0000', 00000000035);
INSERT INTO `reviews` (`reviewID`, `title`, `desc`, `pointsGiven`, `picture`, `reviewDate`, `requestID`) VALUES (00000000036, 'Suscipit cum expedita sunt et.', 'So she set to work, and very soon finished of', 1, NULL, '2006-08-04T07:57:55+0000', 00000000036);
INSERT INTO `reviews` (`reviewID`, `title`, `desc`, `pointsGiven`, `picture`, `reviewDate`, `requestID`) VALUES (00000000037, 'Voluptatem quis a non iusto at neque voluptat', 'I\'ve had such a puzzled expression that she w', 5, NULL, '2019-02-07T07:56:41+0000', 00000000037);
INSERT INTO `reviews` (`reviewID`, `title`, `desc`, `pointsGiven`, `picture`, `reviewDate`, `requestID`) VALUES (00000000038, 'At adipisci esse vel.', 'Alice had been would have this cat removed!\' ', 4, NULL, '1973-10-01T16:35:50+0000', 00000000038);
INSERT INTO `reviews` (`reviewID`, `title`, `desc`, `pointsGiven`, `picture`, `reviewDate`, `requestID`) VALUES (00000000039, 'Suscipit minima provident rerum magnam est.', 'She drew her foot as far as they lay on the t', 1, NULL, '1970-10-31T09:07:44+0000', 00000000039);
INSERT INTO `reviews` (`reviewID`, `title`, `desc`, `pointsGiven`, `picture`, `reviewDate`, `requestID`) VALUES (00000000040, 'Blanditiis et rerum ut magnam quae culpa veri', 'I should say \"With what porpoise?\"\' \'Don\'t yo', 5, NULL, '2009-09-11T13:28:29+0000', 00000000040);


#
# TABLE STRUCTURE FOR: services
#

DROP TABLE IF EXISTS `services`;

CREATE TABLE `services` (
  `serviceID` int(11) unsigned zerofill NOT NULL AUTO_INCREMENT,
  `title` varchar(45) DEFAULT NULL,
  `desc` varchar(45) DEFAULT NULL,
  `userID` int(11) unsigned zerofill DEFAULT NULL,
  PRIMARY KEY (`serviceID`),
  KEY `fk_service_user` (`userID`),
  CONSTRAINT `fk_service_user` FOREIGN KEY (`userID`) REFERENCES `users` (`userID`)
) ENGINE=InnoDB AUTO_INCREMENT=61 DEFAULT CHARSET=utf8;

INSERT INTO `services` (`serviceID`, `title`, `desc`, `userID`) VALUES (00000000001, 'Molestiae fugit et quia aspernatur.', 'Veritatis quia architecto laboriosam sed modi', 00000000001);
INSERT INTO `services` (`serviceID`, `title`, `desc`, `userID`) VALUES (00000000002, 'Amet molestiae qui illum quia aut.', 'Ut asperiores aut qui officia.', 00000000002);
INSERT INTO `services` (`serviceID`, `title`, `desc`, `userID`) VALUES (00000000003, 'Sed culpa quidem enim tempore.', 'Consequuntur aut consequuntur occaecati possi', 00000000003);
INSERT INTO `services` (`serviceID`, `title`, `desc`, `userID`) VALUES (00000000004, 'Ab corrupti sunt harum unde cupiditate.', 'Autem dolor eius natus aut cumque amet qui.', 00000000004);
INSERT INTO `services` (`serviceID`, `title`, `desc`, `userID`) VALUES (00000000005, 'Consectetur et dolor ipsum.', 'Qui id nihil odit reprehenderit ea ut.', 00000000005);
INSERT INTO `services` (`serviceID`, `title`, `desc`, `userID`) VALUES (00000000006, 'Velit sunt sit sint.', 'Totam voluptatem molestiae tempora harum expl', 00000000006);
INSERT INTO `services` (`serviceID`, `title`, `desc`, `userID`) VALUES (00000000007, 'Inventore aliquid dolor libero aut.', 'Veritatis dolorem voluptatem repudiandae quae', 00000000007);
INSERT INTO `services` (`serviceID`, `title`, `desc`, `userID`) VALUES (00000000008, 'Tempora sequi ut ducimus ea consequatur.', 'Tenetur dolores veritatis asperiores natus se', 00000000008);
INSERT INTO `services` (`serviceID`, `title`, `desc`, `userID`) VALUES (00000000009, 'Nesciunt iure fugiat quaerat maxime et id.', 'Et voluptatem consequatur nobis sequi.', 00000000009);
INSERT INTO `services` (`serviceID`, `title`, `desc`, `userID`) VALUES (00000000010, 'Ea tenetur illum aut consequatur quas id beat', 'Nihil commodi dolor dolorum ipsam quia unde n', 00000000010);
INSERT INTO `services` (`serviceID`, `title`, `desc`, `userID`) VALUES (00000000011, 'Ducimus accusamus optio et non hic.', 'Dignissimos perspiciatis omnis harum quo adip', 00000000011);
INSERT INTO `services` (`serviceID`, `title`, `desc`, `userID`) VALUES (00000000012, 'Quas totam cum mollitia possimus.', 'Odio magni dolor sint quas.', 00000000012);
INSERT INTO `services` (`serviceID`, `title`, `desc`, `userID`) VALUES (00000000013, 'Quidem autem reiciendis ut vel.', 'Quia mollitia provident sed incidunt et earum', 00000000013);
INSERT INTO `services` (`serviceID`, `title`, `desc`, `userID`) VALUES (00000000014, 'Et sunt cupiditate natus aliquam libero.', 'Culpa sequi libero recusandae.', 00000000014);
INSERT INTO `services` (`serviceID`, `title`, `desc`, `userID`) VALUES (00000000015, 'Est mollitia nihil et porro.', 'Similique ab aut id sed ut tenetur unde tenet', 00000000015);
INSERT INTO `services` (`serviceID`, `title`, `desc`, `userID`) VALUES (00000000016, 'Odit error iure quos numquam.', 'Vel quibusdam eligendi illum consequatur culp', 00000000016);
INSERT INTO `services` (`serviceID`, `title`, `desc`, `userID`) VALUES (00000000017, 'Consequatur harum dolore aut officiis nobis t', 'Optio numquam tempora voluptatem corporis nih', 00000000017);
INSERT INTO `services` (`serviceID`, `title`, `desc`, `userID`) VALUES (00000000018, 'Harum dolores voluptatum minima sed eum sed.', 'Dolor vitae minus voluptatibus ullam voluptas', 00000000018);
INSERT INTO `services` (`serviceID`, `title`, `desc`, `userID`) VALUES (00000000019, 'Sed totam ab amet fuga.', 'Perspiciatis expedita libero mollitia molesti', 00000000019);
INSERT INTO `services` (`serviceID`, `title`, `desc`, `userID`) VALUES (00000000020, 'Exercitationem rem aperiam vero recusandae ea', 'Dolor corrupti reiciendis est impedit autem.', 00000000020);
INSERT INTO `services` (`serviceID`, `title`, `desc`, `userID`) VALUES (00000000021, 'Et itaque harum soluta.', 'Molestiae consequatur qui non qui eaque harum', 00000000021);
INSERT INTO `services` (`serviceID`, `title`, `desc`, `userID`) VALUES (00000000022, 'Et assumenda nam quam in eligendi culpa.', 'Ad optio rem id maxime dolores quo.', 00000000022);
INSERT INTO `services` (`serviceID`, `title`, `desc`, `userID`) VALUES (00000000023, 'Sequi sit recusandae pariatur et ducimus sed.', 'Vitae saepe quo unde pariatur laboriosam.', 00000000023);
INSERT INTO `services` (`serviceID`, `title`, `desc`, `userID`) VALUES (00000000024, 'Temporibus numquam voluptatum consequatur eum', 'Tempora et qui temporibus.', 00000000024);
INSERT INTO `services` (`serviceID`, `title`, `desc`, `userID`) VALUES (00000000025, 'Fugit quia aut neque fugiat qui.', 'Nesciunt et dolor nobis.', 00000000025);
INSERT INTO `services` (`serviceID`, `title`, `desc`, `userID`) VALUES (00000000026, 'Qui sapiente doloribus atque voluptate fugiat', 'Sunt voluptate delectus tenetur cupiditate ei', 00000000026);
INSERT INTO `services` (`serviceID`, `title`, `desc`, `userID`) VALUES (00000000027, 'Quo saepe et laboriosam blanditiis eum eligen', 'In et voluptates aut vel.', 00000000027);
INSERT INTO `services` (`serviceID`, `title`, `desc`, `userID`) VALUES (00000000028, 'Omnis enim dolorem veniam quisquam laborum of', 'Nesciunt eos est aut ipsa doloremque dolorum ', 00000000028);
INSERT INTO `services` (`serviceID`, `title`, `desc`, `userID`) VALUES (00000000029, 'Est soluta et aliquid unde.', 'Architecto qui nesciunt esse itaque veritatis', 00000000029);
INSERT INTO `services` (`serviceID`, `title`, `desc`, `userID`) VALUES (00000000030, 'Facilis omnis aut dignissimos aut sunt et nes', 'Quisquam sed sed at laboriosam sunt maxime.', 00000000030);
INSERT INTO `services` (`serviceID`, `title`, `desc`, `userID`) VALUES (00000000031, 'Est placeat facilis quos est nobis.', 'Error iure ab voluptatum aut omnis at.', 00000000031);
INSERT INTO `services` (`serviceID`, `title`, `desc`, `userID`) VALUES (00000000032, 'Expedita fugit perspiciatis aut tempora.', 'Et omnis ducimus non a commodi quisquam labor', 00000000032);
INSERT INTO `services` (`serviceID`, `title`, `desc`, `userID`) VALUES (00000000033, 'Nisi inventore numquam rerum.', 'Veritatis ut adipisci non dolorem tempora a.', 00000000033);
INSERT INTO `services` (`serviceID`, `title`, `desc`, `userID`) VALUES (00000000034, 'Esse sed incidunt ullam debitis sit sint.', 'Animi quia magnam qui magnam delectus et vita', 00000000034);
INSERT INTO `services` (`serviceID`, `title`, `desc`, `userID`) VALUES (00000000035, 'Recusandae eligendi distinctio et error maxim', 'Unde sit quibusdam veritatis voluptatum sunt.', 00000000035);
INSERT INTO `services` (`serviceID`, `title`, `desc`, `userID`) VALUES (00000000036, 'Possimus aliquam in et quia.', 'Molestiae nulla perspiciatis cumque qui.', 00000000036);
INSERT INTO `services` (`serviceID`, `title`, `desc`, `userID`) VALUES (00000000037, 'Ut est officiis consequatur et possimus.', 'Accusamus labore dolor nam quasi saepe.', 00000000037);
INSERT INTO `services` (`serviceID`, `title`, `desc`, `userID`) VALUES (00000000038, 'Autem ipsum id ut amet nihil.', 'Libero distinctio repellendus aut harum corpo', 00000000038);
INSERT INTO `services` (`serviceID`, `title`, `desc`, `userID`) VALUES (00000000039, 'Dolorum quo cupiditate est consequatur enim e', 'Non qui necessitatibus non nobis hic voluptat', 00000000039);
INSERT INTO `services` (`serviceID`, `title`, `desc`, `userID`) VALUES (00000000040, 'Ut aliquam numquam repellendus cupiditate pra', 'Velit ab occaecati et dolor totam aut suscipi', 00000000040);
INSERT INTO `services` (`serviceID`, `title`, `desc`, `userID`) VALUES (00000000041, 'Non quibusdam totam omnis labore dolore quo.', 'Unde quasi dicta fugit nam ipsum.', 00000000001);
INSERT INTO `services` (`serviceID`, `title`, `desc`, `userID`) VALUES (00000000042, 'Ea suscipit totam impedit qui ratione sit.', 'At voluptatibus aut voluptas a sint.', 00000000002);
INSERT INTO `services` (`serviceID`, `title`, `desc`, `userID`) VALUES (00000000043, 'Laudantium recusandae quasi quasi molestias s', 'Autem aut dignissimos laudantium asperiores.', 00000000003);
INSERT INTO `services` (`serviceID`, `title`, `desc`, `userID`) VALUES (00000000044, 'Et quibusdam nulla aut repellat neque.', 'Dolores et et aperiam blanditiis voluptatibus', 00000000004);
INSERT INTO `services` (`serviceID`, `title`, `desc`, `userID`) VALUES (00000000045, 'Exercitationem dolorem aut nobis earum.', 'Voluptatibus ratione rem quos dolores aut vol', 00000000005);
INSERT INTO `services` (`serviceID`, `title`, `desc`, `userID`) VALUES (00000000046, 'Voluptas dolores aut ratione tenetur dolores ', 'Sit distinctio a quaerat minima.', 00000000006);
INSERT INTO `services` (`serviceID`, `title`, `desc`, `userID`) VALUES (00000000047, 'Non aliquid voluptas similique.', 'Accusantium laboriosam iste sed debitis.', 00000000007);
INSERT INTO `services` (`serviceID`, `title`, `desc`, `userID`) VALUES (00000000048, 'Eum est aut est excepturi aperiam sit non.', 'Voluptatem aut consequuntur earum molestiae v', 00000000008);
INSERT INTO `services` (`serviceID`, `title`, `desc`, `userID`) VALUES (00000000049, 'Non corrupti consequatur ut perferendis offic', 'Ut sed laudantium omnis nostrum veniam nihil ', 00000000009);
INSERT INTO `services` (`serviceID`, `title`, `desc`, `userID`) VALUES (00000000050, 'Dolores doloremque dolores illum suscipit.', 'Omnis consequuntur aut quae.', 00000000010);
INSERT INTO `services` (`serviceID`, `title`, `desc`, `userID`) VALUES (00000000051, 'Numquam eveniet eius cumque aliquid incidunt ', 'Corporis dolorum sit quia ratione laborum mai', 00000000011);
INSERT INTO `services` (`serviceID`, `title`, `desc`, `userID`) VALUES (00000000052, 'Laboriosam ullam amet incidunt et consequatur', 'Minima qui praesentium maiores aliquam ration', 00000000012);
INSERT INTO `services` (`serviceID`, `title`, `desc`, `userID`) VALUES (00000000053, 'Animi rerum error dignissimos autem molestias', 'Iusto voluptatem modi ipsam beatae omnis simi', 00000000013);
INSERT INTO `services` (`serviceID`, `title`, `desc`, `userID`) VALUES (00000000054, 'Voluptates voluptates nihil recusandae error ', 'Distinctio est autem numquam labore.', 00000000014);
INSERT INTO `services` (`serviceID`, `title`, `desc`, `userID`) VALUES (00000000055, 'Et est voluptatem tempore voluptates.', 'Molestias rerum voluptatibus ipsam dolores pr', 00000000015);
INSERT INTO `services` (`serviceID`, `title`, `desc`, `userID`) VALUES (00000000056, 'Ab nostrum reprehenderit dolores tempore tene', 'Deserunt quia rerum rem et non esse.', 00000000016);
INSERT INTO `services` (`serviceID`, `title`, `desc`, `userID`) VALUES (00000000057, 'Nesciunt numquam aut nam et dolores.', 'Ex ut provident dolorem est laborum nobis rat', 00000000017);
INSERT INTO `services` (`serviceID`, `title`, `desc`, `userID`) VALUES (00000000058, 'Aut possimus perspiciatis animi occaecati lab', 'Sit incidunt est ab veniam quam.', 00000000018);
INSERT INTO `services` (`serviceID`, `title`, `desc`, `userID`) VALUES (00000000059, 'Voluptas iusto quia cumque architecto rerum v', 'Sit et quibusdam placeat eius sint expedita t', 00000000019);
INSERT INTO `services` (`serviceID`, `title`, `desc`, `userID`) VALUES (00000000060, 'Accusantium sequi non vel maxime corrupti eve', 'Quis quos ut rerum eos labore et dolor.', 00000000020);


#
# TABLE STRUCTURE FOR: services_categories
#

DROP TABLE IF EXISTS `services_categories`;

CREATE TABLE `services_categories` (
  `serviceID` int(11) unsigned zerofill NOT NULL,
  `categoryID` int(11) unsigned zerofill NOT NULL,
  PRIMARY KEY (`serviceID`,`categoryID`),
  KEY `fk_services_categories_1_idx` (`categoryID`),
  CONSTRAINT `fk_services_categories_1` FOREIGN KEY (`categoryID`) REFERENCES `categories` (`categoryID`) ON DELETE NO ACTION ON UPDATE NO ACTION,
  CONSTRAINT `fk_services_categories_2` FOREIGN KEY (`serviceID`) REFERENCES `services` (`serviceID`) ON DELETE NO ACTION ON UPDATE NO ACTION
) ENGINE=InnoDB DEFAULT CHARSET=utf8mb4;

INSERT INTO `services_categories` (`serviceID`, `categoryID`) VALUES (00000000001, 00000000001);
INSERT INTO `services_categories` (`serviceID`, `categoryID`) VALUES (00000000001, 00000000021);
INSERT INTO `services_categories` (`serviceID`, `categoryID`) VALUES (00000000002, 00000000002);
INSERT INTO `services_categories` (`serviceID`, `categoryID`) VALUES (00000000002, 00000000022);
INSERT INTO `services_categories` (`serviceID`, `categoryID`) VALUES (00000000003, 00000000003);
INSERT INTO `services_categories` (`serviceID`, `categoryID`) VALUES (00000000003, 00000000023);
INSERT INTO `services_categories` (`serviceID`, `categoryID`) VALUES (00000000004, 00000000004);
INSERT INTO `services_categories` (`serviceID`, `categoryID`) VALUES (00000000004, 00000000024);
INSERT INTO `services_categories` (`serviceID`, `categoryID`) VALUES (00000000005, 00000000005);
INSERT INTO `services_categories` (`serviceID`, `categoryID`) VALUES (00000000005, 00000000025);
INSERT INTO `services_categories` (`serviceID`, `categoryID`) VALUES (00000000006, 00000000006);
INSERT INTO `services_categories` (`serviceID`, `categoryID`) VALUES (00000000006, 00000000026);
INSERT INTO `services_categories` (`serviceID`, `categoryID`) VALUES (00000000007, 00000000007);
INSERT INTO `services_categories` (`serviceID`, `categoryID`) VALUES (00000000007, 00000000027);
INSERT INTO `services_categories` (`serviceID`, `categoryID`) VALUES (00000000008, 00000000008);
INSERT INTO `services_categories` (`serviceID`, `categoryID`) VALUES (00000000008, 00000000028);
INSERT INTO `services_categories` (`serviceID`, `categoryID`) VALUES (00000000009, 00000000009);
INSERT INTO `services_categories` (`serviceID`, `categoryID`) VALUES (00000000009, 00000000029);
INSERT INTO `services_categories` (`serviceID`, `categoryID`) VALUES (00000000010, 00000000010);
INSERT INTO `services_categories` (`serviceID`, `categoryID`) VALUES (00000000010, 00000000030);
INSERT INTO `services_categories` (`serviceID`, `categoryID`) VALUES (00000000011, 00000000011);
INSERT INTO `services_categories` (`serviceID`, `categoryID`) VALUES (00000000011, 00000000031);
INSERT INTO `services_categories` (`serviceID`, `categoryID`) VALUES (00000000012, 00000000012);
INSERT INTO `services_categories` (`serviceID`, `categoryID`) VALUES (00000000012, 00000000032);
INSERT INTO `services_categories` (`serviceID`, `categoryID`) VALUES (00000000013, 00000000013);
INSERT INTO `services_categories` (`serviceID`, `categoryID`) VALUES (00000000013, 00000000033);
INSERT INTO `services_categories` (`serviceID`, `categoryID`) VALUES (00000000014, 00000000014);
INSERT INTO `services_categories` (`serviceID`, `categoryID`) VALUES (00000000014, 00000000034);
INSERT INTO `services_categories` (`serviceID`, `categoryID`) VALUES (00000000015, 00000000015);
INSERT INTO `services_categories` (`serviceID`, `categoryID`) VALUES (00000000015, 00000000035);
INSERT INTO `services_categories` (`serviceID`, `categoryID`) VALUES (00000000016, 00000000016);
INSERT INTO `services_categories` (`serviceID`, `categoryID`) VALUES (00000000016, 00000000036);
INSERT INTO `services_categories` (`serviceID`, `categoryID`) VALUES (00000000017, 00000000017);
INSERT INTO `services_categories` (`serviceID`, `categoryID`) VALUES (00000000017, 00000000037);
INSERT INTO `services_categories` (`serviceID`, `categoryID`) VALUES (00000000018, 00000000018);
INSERT INTO `services_categories` (`serviceID`, `categoryID`) VALUES (00000000018, 00000000038);
INSERT INTO `services_categories` (`serviceID`, `categoryID`) VALUES (00000000019, 00000000019);
INSERT INTO `services_categories` (`serviceID`, `categoryID`) VALUES (00000000019, 00000000039);
INSERT INTO `services_categories` (`serviceID`, `categoryID`) VALUES (00000000020, 00000000020);
INSERT INTO `services_categories` (`serviceID`, `categoryID`) VALUES (00000000020, 00000000040);
INSERT INTO `services_categories` (`serviceID`, `categoryID`) VALUES (00000000021, 00000000001);
INSERT INTO `services_categories` (`serviceID`, `categoryID`) VALUES (00000000021, 00000000021);
INSERT INTO `services_categories` (`serviceID`, `categoryID`) VALUES (00000000022, 00000000002);
INSERT INTO `services_categories` (`serviceID`, `categoryID`) VALUES (00000000022, 00000000022);
INSERT INTO `services_categories` (`serviceID`, `categoryID`) VALUES (00000000023, 00000000003);
INSERT INTO `services_categories` (`serviceID`, `categoryID`) VALUES (00000000023, 00000000023);
INSERT INTO `services_categories` (`serviceID`, `categoryID`) VALUES (00000000024, 00000000004);
INSERT INTO `services_categories` (`serviceID`, `categoryID`) VALUES (00000000024, 00000000024);
INSERT INTO `services_categories` (`serviceID`, `categoryID`) VALUES (00000000025, 00000000005);
INSERT INTO `services_categories` (`serviceID`, `categoryID`) VALUES (00000000025, 00000000025);
INSERT INTO `services_categories` (`serviceID`, `categoryID`) VALUES (00000000026, 00000000006);
INSERT INTO `services_categories` (`serviceID`, `categoryID`) VALUES (00000000026, 00000000026);
INSERT INTO `services_categories` (`serviceID`, `categoryID`) VALUES (00000000027, 00000000007);
INSERT INTO `services_categories` (`serviceID`, `categoryID`) VALUES (00000000027, 00000000027);
INSERT INTO `services_categories` (`serviceID`, `categoryID`) VALUES (00000000028, 00000000008);
INSERT INTO `services_categories` (`serviceID`, `categoryID`) VALUES (00000000028, 00000000028);
INSERT INTO `services_categories` (`serviceID`, `categoryID`) VALUES (00000000029, 00000000009);
INSERT INTO `services_categories` (`serviceID`, `categoryID`) VALUES (00000000029, 00000000029);
INSERT INTO `services_categories` (`serviceID`, `categoryID`) VALUES (00000000030, 00000000010);
INSERT INTO `services_categories` (`serviceID`, `categoryID`) VALUES (00000000030, 00000000030);
INSERT INTO `services_categories` (`serviceID`, `categoryID`) VALUES (00000000031, 00000000011);
INSERT INTO `services_categories` (`serviceID`, `categoryID`) VALUES (00000000031, 00000000031);
INSERT INTO `services_categories` (`serviceID`, `categoryID`) VALUES (00000000032, 00000000012);
INSERT INTO `services_categories` (`serviceID`, `categoryID`) VALUES (00000000032, 00000000032);
INSERT INTO `services_categories` (`serviceID`, `categoryID`) VALUES (00000000033, 00000000013);
INSERT INTO `services_categories` (`serviceID`, `categoryID`) VALUES (00000000033, 00000000033);
INSERT INTO `services_categories` (`serviceID`, `categoryID`) VALUES (00000000034, 00000000014);
INSERT INTO `services_categories` (`serviceID`, `categoryID`) VALUES (00000000034, 00000000034);
INSERT INTO `services_categories` (`serviceID`, `categoryID`) VALUES (00000000035, 00000000015);
INSERT INTO `services_categories` (`serviceID`, `categoryID`) VALUES (00000000035, 00000000035);
INSERT INTO `services_categories` (`serviceID`, `categoryID`) VALUES (00000000036, 00000000016);
INSERT INTO `services_categories` (`serviceID`, `categoryID`) VALUES (00000000036, 00000000036);
INSERT INTO `services_categories` (`serviceID`, `categoryID`) VALUES (00000000037, 00000000017);
INSERT INTO `services_categories` (`serviceID`, `categoryID`) VALUES (00000000037, 00000000037);
INSERT INTO `services_categories` (`serviceID`, `categoryID`) VALUES (00000000038, 00000000018);
INSERT INTO `services_categories` (`serviceID`, `categoryID`) VALUES (00000000038, 00000000038);
INSERT INTO `services_categories` (`serviceID`, `categoryID`) VALUES (00000000039, 00000000019);
INSERT INTO `services_categories` (`serviceID`, `categoryID`) VALUES (00000000039, 00000000039);
INSERT INTO `services_categories` (`serviceID`, `categoryID`) VALUES (00000000040, 00000000020);
INSERT INTO `services_categories` (`serviceID`, `categoryID`) VALUES (00000000040, 00000000040);
INSERT INTO `services_categories` (`serviceID`, `categoryID`) VALUES (00000000041, 00000000001);
INSERT INTO `services_categories` (`serviceID`, `categoryID`) VALUES (00000000042, 00000000002);
INSERT INTO `services_categories` (`serviceID`, `categoryID`) VALUES (00000000043, 00000000003);
INSERT INTO `services_categories` (`serviceID`, `categoryID`) VALUES (00000000044, 00000000004);
INSERT INTO `services_categories` (`serviceID`, `categoryID`) VALUES (00000000045, 00000000005);
INSERT INTO `services_categories` (`serviceID`, `categoryID`) VALUES (00000000046, 00000000006);
INSERT INTO `services_categories` (`serviceID`, `categoryID`) VALUES (00000000047, 00000000007);
INSERT INTO `services_categories` (`serviceID`, `categoryID`) VALUES (00000000048, 00000000008);
INSERT INTO `services_categories` (`serviceID`, `categoryID`) VALUES (00000000049, 00000000009);
INSERT INTO `services_categories` (`serviceID`, `categoryID`) VALUES (00000000050, 00000000010);
INSERT INTO `services_categories` (`serviceID`, `categoryID`) VALUES (00000000051, 00000000011);
INSERT INTO `services_categories` (`serviceID`, `categoryID`) VALUES (00000000052, 00000000012);
INSERT INTO `services_categories` (`serviceID`, `categoryID`) VALUES (00000000053, 00000000013);
INSERT INTO `services_categories` (`serviceID`, `categoryID`) VALUES (00000000054, 00000000014);
INSERT INTO `services_categories` (`serviceID`, `categoryID`) VALUES (00000000055, 00000000015);
INSERT INTO `services_categories` (`serviceID`, `categoryID`) VALUES (00000000056, 00000000016);
INSERT INTO `services_categories` (`serviceID`, `categoryID`) VALUES (00000000057, 00000000017);
INSERT INTO `services_categories` (`serviceID`, `categoryID`) VALUES (00000000058, 00000000018);
INSERT INTO `services_categories` (`serviceID`, `categoryID`) VALUES (00000000059, 00000000019);
INSERT INTO `services_categories` (`serviceID`, `categoryID`) VALUES (00000000060, 00000000020);


#
# TABLE STRUCTURE FOR: users
#

DROP TABLE IF EXISTS `users`;

CREATE TABLE `users` (
  `userID` int(11) unsigned zerofill NOT NULL AUTO_INCREMENT,
  `username` varchar(45) NOT NULL,
  `password` varchar(255) NOT NULL,
  `email` varchar(45) NOT NULL,
  `lastLogin` varchar(45) DEFAULT NULL,
  `accountStatus` varchar(45) DEFAULT NULL,
  `salt` varchar(255) DEFAULT '',
  PRIMARY KEY (`userID`)
) ENGINE=InnoDB AUTO_INCREMENT=101 DEFAULT CHARSET=utf8;

INSERT INTO `users` (`userID`, `username`, `password`, `email`, `lastLogin`, `accountStatus`, `salt`) VALUES (00000000001, 'cgreenfelder', '58a15185b197a8f2ce5842728f6ee7544a507702', 'antone.mertz@example.org', NULL, 'enabled', '52b1b4ae74f6d1e6b21a4008b511616f5739a8e3');
INSERT INTO `users` (`userID`, `username`, `password`, `email`, `lastLogin`, `accountStatus`, `salt`) VALUES (00000000002, 'cathy07', '0b4e81607cdc7019179a39dc96aad161793df99e', 'ekovacek@example.net', NULL, 'enabled', 'dd9e40f21a39f83b58c0fd41528cae8092b3bd68');
INSERT INTO `users` (`userID`, `username`, `password`, `email`, `lastLogin`, `accountStatus`, `salt`) VALUES (00000000003, 'rowland00', '8ea123939d54069ade769aa6b0830807ed6b908c', 'liza16@example.net', NULL, ' moderation', 'a591436f2b891510f15cde6e56043fd669b379dc');
INSERT INTO `users` (`userID`, `username`, `password`, `email`, `lastLogin`, `accountStatus`, `salt`) VALUES (00000000004, 'nelle93', 'bb9e72425f5a4424a4e93c2803fd0df2f45e8173', 'o\'conner.breana@example.com', NULL, ' moderation', '2f0db820733947e27b82a07dce05d7bb19eef500');
INSERT INTO `users` (`userID`, `username`, `password`, `email`, `lastLogin`, `accountStatus`, `salt`) VALUES (00000000005, 'dare.layne', 'b6b81c90bccfa4dadccf9b26f8bc4ad2e7aec51b', 'bergstrom.chanelle@example.com', NULL, ' disabled', 'ae36130b197490b7af1a6a5b3c205e2535538ec2');
INSERT INTO `users` (`userID`, `username`, `password`, `email`, `lastLogin`, `accountStatus`, `salt`) VALUES (00000000006, 'chaim.mcclure', 'f8c729cf60c3d663d6a580d43a4da688ce67bb88', 'vonrueden.cary@example.com', NULL, ' moderation', '712265f69a85d197c4583298188e3b5a3006dd50');
INSERT INTO `users` (`userID`, `username`, `password`, `email`, `lastLogin`, `accountStatus`, `salt`) VALUES (00000000007, 'mgoodwin', 'c2649b247bc44aa3a23a9e20c57d67345bdee8d8', 'tito.haley@example.net', NULL, 'enabled', '0926765604a6ccc420adff3dce22bf63f9839376');
INSERT INTO `users` (`userID`, `username`, `password`, `email`, `lastLogin`, `accountStatus`, `salt`) VALUES (00000000008, 'renee41', 'b3c3d9d41bf266e9485fe6198d6732768a848f96', 'koelpin.isai@example.org', NULL, ' disabled', '05f6188e0417655d295f66293418700cafd8a921');
INSERT INTO `users` (`userID`, `username`, `password`, `email`, `lastLogin`, `accountStatus`, `salt`) VALUES (00000000009, 'kuphal.creola', '97a5e93f21fb78a084d461b243ae5e2e4a510e1f', 'autumn50@example.net', NULL, ' disabled', '77666b6fdf87b5add12c98608d8def46fe4d56e3');
INSERT INTO `users` (`userID`, `username`, `password`, `email`, `lastLogin`, `accountStatus`, `salt`) VALUES (00000000010, 'brain.hirthe', 'b116563c7bea06340576f9ababf98c3c8986d812', 'armando.hermiston@example.net', NULL, 'enabled', '49408254a450f299f47a666dc88e5ea43c7b92a2');
INSERT INTO `users` (`userID`, `username`, `password`, `email`, `lastLogin`, `accountStatus`, `salt`) VALUES (00000000011, 'wstracke', 'e0bff9fd36bb945e268d210038749bd54428d853', 'cordelia77@example.com', NULL, ' moderation', 'a1189b302c565e2c07fa0ae22a3df61f4a63ec0f');
INSERT INTO `users` (`userID`, `username`, `password`, `email`, `lastLogin`, `accountStatus`, `salt`) VALUES (00000000012, 'rusty.lindgren', 'd021c51d51af475bb276f3a2f7e5bb86b62f5dd5', 'david.nikolaus@example.net', NULL, ' moderation', '566bc8ebbb7b9ace7ddeb969c51ea83a27733047');
INSERT INTO `users` (`userID`, `username`, `password`, `email`, `lastLogin`, `accountStatus`, `salt`) VALUES (00000000013, 'velva40', '55039724f884b72a7b8fcaf8f815531d7678f641', 'dstiedemann@example.com', NULL, ' moderation', '466e5fa6d1c63ae1c822f8477859b6b5908aa5aa');
INSERT INTO `users` (`userID`, `username`, `password`, `email`, `lastLogin`, `accountStatus`, `salt`) VALUES (00000000014, 'tessie84', '7373878ab3d6b66dca7a50c4621ef6fc20dd43d1', 'ed\'amore@example.net', NULL, ' disabled', 'f3e36ee26868d5e9839ba3419c4285dc2de16569');
INSERT INTO `users` (`userID`, `username`, `password`, `email`, `lastLogin`, `accountStatus`, `salt`) VALUES (00000000015, 'delphia.wintheiser', 'b77483174238bec01d0033edb2de583a62863512', 'vgerhold@example.com', NULL, 'enabled', '16ff730d3f524fff33f4e4395852a90dde4940fe');
INSERT INTO `users` (`userID`, `username`, `password`, `email`, `lastLogin`, `accountStatus`, `salt`) VALUES (00000000016, 'uweissnat', 'dd770cee14a6080f791816375bbdeefa105c0028', 'ehudson@example.org', NULL, ' disabled', '12e179a9b444e64817e66aee2835ac7c00263828');
INSERT INTO `users` (`userID`, `username`, `password`, `email`, `lastLogin`, `accountStatus`, `salt`) VALUES (00000000017, 'willow33', '44f4a93bf90bb7eef7fae2702f4ec23110e3405f', 'jacobi.glen@example.com', NULL, ' moderation', '01c327133684bc8aeaf942b136c2d22ce020bddd');
INSERT INTO `users` (`userID`, `username`, `password`, `email`, `lastLogin`, `accountStatus`, `salt`) VALUES (00000000018, 'ulices.towne', '0b92e45bf3cda99e5536833337a25115001a2f88', 'rohan.filomena@example.org', NULL, 'enabled', '89019a5ffe6a3151f1c9ff557740c6f5dfbfd797');
INSERT INTO `users` (`userID`, `username`, `password`, `email`, `lastLogin`, `accountStatus`, `salt`) VALUES (00000000019, 'uolson', '0aae1d824fbbd2cdab12dde365276c2ef1228a34', 'roger38@example.net', NULL, 'enabled', '24251f80d27a19e1942c64c6703729c39e3be9af');
INSERT INTO `users` (`userID`, `username`, `password`, `email`, `lastLogin`, `accountStatus`, `salt`) VALUES (00000000020, 'schroeder.hulda', 'f6a9c70b82ea079b7fccaeec18fd4b9854c3dd00', 'littel.fermin@example.org', NULL, 'enabled', '968b7bb3e670ae61d82eccde654c389386c16f5e');
INSERT INTO `users` (`userID`, `username`, `password`, `email`, `lastLogin`, `accountStatus`, `salt`) VALUES (00000000021, 'ashly96', 'c2b3468ab52adf233398c8f96417967ff72d4cff', 'hahn.soledad@example.net', NULL, 'enabled', '4167a50f9764b35670c7444ea85b0a6cc72acd88');
INSERT INTO `users` (`userID`, `username`, `password`, `email`, `lastLogin`, `accountStatus`, `salt`) VALUES (00000000022, 'stephanie.schimmel', '151bd1e99391a2689bd035f6cc209285fdc2958c', 'wintheiser.sonny@example.org', NULL, ' moderation', '35c55b35c4f677781c1fb1c2108a275c5a0cc3a4');
INSERT INTO `users` (`userID`, `username`, `password`, `email`, `lastLogin`, `accountStatus`, `salt`) VALUES (00000000023, 'evandervort', '56e41626c11f51a420d330955694f997f284312c', 'olson.gerda@example.net', NULL, ' disabled', '6a06967eebb6acf6717a8c14b76d251d8aa30ec8');
INSERT INTO `users` (`userID`, `username`, `password`, `email`, `lastLogin`, `accountStatus`, `salt`) VALUES (00000000024, 'abraham11', 'e4b338dacbb9652cc947e2dbdbb8db1d2345f03b', 'hortense49@example.net', NULL, 'enabled', 'e9114fa19c99b97b4f63ffe65846b61fc9e7e2c1');
INSERT INTO `users` (`userID`, `username`, `password`, `email`, `lastLogin`, `accountStatus`, `salt`) VALUES (00000000025, 'ellis.hintz', '8ee2294b53a1d50bb5a230a4064402d8d1ab306c', 'khodkiewicz@example.net', NULL, 'enabled', '39d9e256ccfa0eddcffe0d88ae1b52157a4ed795');
INSERT INTO `users` (`userID`, `username`, `password`, `email`, `lastLogin`, `accountStatus`, `salt`) VALUES (00000000026, 'russel.violet', '2c9911748ff1bf555679d78709a1d1c0c1353844', 'bethany.leuschke@example.net', NULL, ' disabled', '5ce0972c7dc4974eb50bf42dc7815b893d84a6cf');
INSERT INTO `users` (`userID`, `username`, `password`, `email`, `lastLogin`, `accountStatus`, `salt`) VALUES (00000000027, 'raymundo36', '1ab639e3f5aca33795d6169c4a1e414301896f78', 'oswaldo00@example.com', NULL, 'enabled', '6afde4b75ad5a3a25cbedd9f9a52a933775bc00c');
INSERT INTO `users` (`userID`, `username`, `password`, `email`, `lastLogin`, `accountStatus`, `salt`) VALUES (00000000028, 'umills', '8f1f86258d9e0977cdb15195f919bb9ed63f35a7', 'jblock@example.net', NULL, ' disabled', '425876f5acec7837e12f6245534e00274b7eeea0');
INSERT INTO `users` (`userID`, `username`, `password`, `email`, `lastLogin`, `accountStatus`, `salt`) VALUES (00000000029, 'gernser', 'e014902ce214412494c39e4d0f42ebad0e20d868', 'pcollins@example.com', NULL, ' moderation', 'b82881e23b027f08f38115d0b156b8c6fa17b348');
INSERT INTO `users` (`userID`, `username`, `password`, `email`, `lastLogin`, `accountStatus`, `salt`) VALUES (00000000030, 'tamia27', 'e0d90e04e4d93d0db9f78f4b98e78d528bc8ba7c', 'shawn.roberts@example.org', NULL, ' moderation', 'd2c16699c834e71dc4b8460607e2592af30aac71');
INSERT INTO `users` (`userID`, `username`, `password`, `email`, `lastLogin`, `accountStatus`, `salt`) VALUES (00000000031, 'gwendolyn.carter', 'ee37737749f115f4edac0d10746c4e38cc9952de', 'hank79@example.org', NULL, ' moderation', '22389aa06f0d11d1cb3b89f5bf19b65faf253367');
INSERT INTO `users` (`userID`, `username`, `password`, `email`, `lastLogin`, `accountStatus`, `salt`) VALUES (00000000032, 'brown.otis', 'e50e82a14cd984737e164d455dc2e0c5a400cda1', 'ava.abshire@example.com', NULL, ' disabled', 'efa73f9bac897773382fcd8d369b5e31e1f19667');
INSERT INTO `users` (`userID`, `username`, `password`, `email`, `lastLogin`, `accountStatus`, `salt`) VALUES (00000000033, 'melody.donnelly', '9943121c201c7f1c4fa2250d1a61d5fa160cd727', 'bwyman@example.org', NULL, ' moderation', '9e1411f0c7af26a3fc92f7f076a55d139476fe6a');
INSERT INTO `users` (`userID`, `username`, `password`, `email`, `lastLogin`, `accountStatus`, `salt`) VALUES (00000000034, 'alexane78', 'c76201b53e115e7e654c6dc1220f801a65e4da68', 'hansen.rafael@example.org', NULL, ' disabled', 'f2ff2d53b79cad8184cb849b24becc84f80cb7a1');
INSERT INTO `users` (`userID`, `username`, `password`, `email`, `lastLogin`, `accountStatus`, `salt`) VALUES (00000000035, 'josiah39', 'a9128e863e5fc223e27c9def8b19f4244f9ff210', 'mraz.montana@example.com', NULL, ' disabled', '45c7168cee0523d1cbd9d86138e0b64a3bdac52e');
INSERT INTO `users` (`userID`, `username`, `password`, `email`, `lastLogin`, `accountStatus`, `salt`) VALUES (00000000036, 'llittle', 'b0e614abefd868ac02f764460c14d930e81b6066', 'macy.langosh@example.com', NULL, ' moderation', 'db2d77cc8abb5945355e6287d7d7430d8fc218d5');
INSERT INTO `users` (`userID`, `username`, `password`, `email`, `lastLogin`, `accountStatus`, `salt`) VALUES (00000000037, 'glubowitz', '5cd1b0346024f2a42bffbc935e05eee36ba5755a', 'dhand@example.com', NULL, ' disabled', '83497ac3c7bbd4ead7e9e7ebcb79a47c57180a3a');
INSERT INTO `users` (`userID`, `username`, `password`, `email`, `lastLogin`, `accountStatus`, `salt`) VALUES (00000000038, 'jamaal.yundt', 'fba74e37d4afb3ec87031574d856a8fe8a6d976e', 'tmorar@example.org', NULL, 'enabled', '8f631bdde299298929eb8ca4cdecd5e91c60b58d');
INSERT INTO `users` (`userID`, `username`, `password`, `email`, `lastLogin`, `accountStatus`, `salt`) VALUES (00000000039, 'kip81', '48dcb723c72b68db7bd10ad4d2ff6557cdde38e3', 'rahsaan.mcglynn@example.com', NULL, ' moderation', 'a6e46746c4a45bfe85fd795d60965cca5b1d24dc');
INSERT INTO `users` (`userID`, `username`, `password`, `email`, `lastLogin`, `accountStatus`, `salt`) VALUES (00000000040, 'olson.lucas', 'b38d93a858c2ebe516a3cb3c103ecf58fd800f89', 'jones.idell@example.org', NULL, ' moderation', 'e82028cce22b66388806dacfabe27ec0467b4085');
INSERT INTO `users` (`userID`, `username`, `password`, `email`, `lastLogin`, `accountStatus`, `salt`) VALUES (00000000041, 'don52', '2a1f9449a7b3c5b109d7837796b5d201baf30c89', 'shayne.hilll@example.org', NULL, ' disabled', '62afa9ae7e83bced7df42d96d680cf6a232afb2e');
INSERT INTO `users` (`userID`, `username`, `password`, `email`, `lastLogin`, `accountStatus`, `salt`) VALUES (00000000042, 'joseph.hermann', '6290eaaafe6a6245dfe7bd5680d07b4525ebdd0f', 'humberto.wintheiser@example.com', NULL, ' moderation', '5548a6766a1e5d0fab7ab0dddbc40810c8d44357');
INSERT INTO `users` (`userID`, `username`, `password`, `email`, `lastLogin`, `accountStatus`, `salt`) VALUES (00000000043, 'ivory.moore', '8ca3ed45b592fcce8d6fb10af4c1def0d6c9267d', 'pdickens@example.org', NULL, ' disabled', '0b0dc9058cb2d657ba163aace616f745062dd48a');
INSERT INTO `users` (`userID`, `username`, `password`, `email`, `lastLogin`, `accountStatus`, `salt`) VALUES (00000000044, 'ustroman', '1bff3bb8bc02f1afedbb36ad6cd0901de8f57838', 'ortiz.morris@example.net', NULL, ' moderation', '496ff7757fc0b8ac4db666bf61d9e6056353ea38');
INSERT INTO `users` (`userID`, `username`, `password`, `email`, `lastLogin`, `accountStatus`, `salt`) VALUES (00000000045, 'mueller.donnie', '263a992683431c1e4b55dbc0a366e8f13caf172d', 'kenyatta.adams@example.net', NULL, 'enabled', '1ed2bd91f9a3313d4cdc9067596fb08420964dd5');
INSERT INTO `users` (`userID`, `username`, `password`, `email`, `lastLogin`, `accountStatus`, `salt`) VALUES (00000000046, 'ihyatt', '61e3969ff2f29a5cdad8b2f1b9f49f975ffbac9f', 'fredy.schmeler@example.com', NULL, ' moderation', 'bfb790cc21fa707faa504fc7376c16b52ad7d320');
INSERT INTO `users` (`userID`, `username`, `password`, `email`, `lastLogin`, `accountStatus`, `salt`) VALUES (00000000047, 'hilll.monica', '131bf6ac1b4e16f002262ac5e0b458c2be601aa3', 'luz.swift@example.com', NULL, ' moderation', '4c8e940106e83541d085142baf03236f5578f7b1');
INSERT INTO `users` (`userID`, `username`, `password`, `email`, `lastLogin`, `accountStatus`, `salt`) VALUES (00000000048, 'sophia.bartoletti', 'be4a69dfcf8c739a3f082ebebf3dbe801c946c67', 'jamel.harber@example.org', NULL, ' moderation', '7411b5fe774ef98815e523369b7490ab5de0132d');
INSERT INTO `users` (`userID`, `username`, `password`, `email`, `lastLogin`, `accountStatus`, `salt`) VALUES (00000000049, 'uchamplin', '109cd4cf12dc980e698cce6e438ceb2a4963506e', 'zetta.luettgen@example.net', NULL, ' disabled', 'dca7ada06e26c1c6d4492c9554de62266e1ede97');
INSERT INTO `users` (`userID`, `username`, `password`, `email`, `lastLogin`, `accountStatus`, `salt`) VALUES (00000000050, 'vwalker', '1f6e43c564be59da3c131c8b3a6f03225170a9c0', 'broderick16@example.com', NULL, ' moderation', 'd74711a2b236844b3cc9acadffc2aa1f223e711a');
INSERT INTO `users` (`userID`, `username`, `password`, `email`, `lastLogin`, `accountStatus`, `salt`) VALUES (00000000051, 'ternser', '47071568817c1152901255b8f7fac044684d1146', 'camren.cruickshank@example.org', NULL, ' disabled', 'd922651c74dda788b6c74b03b036064316de7878');
INSERT INTO `users` (`userID`, `username`, `password`, `email`, `lastLogin`, `accountStatus`, `salt`) VALUES (00000000052, 'wkeebler', '07a95d38cbf63bc55ef25df24cac5d7cef343ae0', 'idella.jakubowski@example.org', NULL, ' disabled', '162c0727ef367194b89c2efbc7269d3e11d0f1f5');
INSERT INTO `users` (`userID`, `username`, `password`, `email`, `lastLogin`, `accountStatus`, `salt`) VALUES (00000000053, 'ismael84', '75a5975dcbc52214dfc42ffd89d2a68b3f828281', 'ogreenfelder@example.com', NULL, ' moderation', '46d137605afa1d360658fcd448907ee37da0acd6');
INSERT INTO `users` (`userID`, `username`, `password`, `email`, `lastLogin`, `accountStatus`, `salt`) VALUES (00000000054, 'rhea.schmeler', '287e428cf7063d039c8bb95b158d6d0790c45763', 'greenholt.margie@example.com', NULL, ' moderation', '706ffd7b425980d48a39a5843d0a95014aa06242');
INSERT INTO `users` (`userID`, `username`, `password`, `email`, `lastLogin`, `accountStatus`, `salt`) VALUES (00000000055, 'bmarquardt', '8b2c04b57370d80218bbe2333f3ddd3bfd56ca33', 'abby.gaylord@example.com', NULL, ' disabled', '76a8e998580f21b70338deef35aa47b474388394');
INSERT INTO `users` (`userID`, `username`, `password`, `email`, `lastLogin`, `accountStatus`, `salt`) VALUES (00000000056, 'ho\'reilly', '3df70e1c46d318ed2215a9cb5a71ae33a2b51ddc', 'bettye31@example.com', NULL, ' moderation', '6f3c0a74d0b3353d9a3fb342f2c29f34a5e1ce24');
INSERT INTO `users` (`userID`, `username`, `password`, `email`, `lastLogin`, `accountStatus`, `salt`) VALUES (00000000057, 'efeeney', '6b0398b50c4f7dfe26ca750fd97b4dbaa0bc99ab', 'ova30@example.com', NULL, 'enabled', '84f45ff7004c8f374cc16a0ac6aa2fd51ec985f0');
INSERT INTO `users` (`userID`, `username`, `password`, `email`, `lastLogin`, `accountStatus`, `salt`) VALUES (00000000058, 'xmurray', 'e0f3adfe6d6ac8b04f1cb053226deb5649ff2a65', 'vwaelchi@example.org', NULL, ' disabled', 'a9cb942114b38773bb7f6ba3c64610b62e49db19');
INSERT INTO `users` (`userID`, `username`, `password`, `email`, `lastLogin`, `accountStatus`, `salt`) VALUES (00000000059, 'vkuvalis', 'c4502de7bc30bc1ec46ec1070359928fb95218c1', 'keeling.kennedi@example.net', NULL, 'enabled', '89cd3c0df416030a6ef677fd7227ad47bdd0e0cd');
INSERT INTO `users` (`userID`, `username`, `password`, `email`, `lastLogin`, `accountStatus`, `salt`) VALUES (00000000060, 'dereck86', '9479b3523fc83ec24387a4c5f27a5495c464c561', 'chase67@example.org', NULL, ' disabled', 'c5c12de567d08d8fba0d5a2d25f7372d75b4cec6');
INSERT INTO `users` (`userID`, `username`, `password`, `email`, `lastLogin`, `accountStatus`, `salt`) VALUES (00000000061, 'juliet81', 'ad5f24a05e3c2369ac5c822f769acf928782ce70', 'charlene51@example.net', NULL, 'enabled', '5959105275596b902c71be064578da380773933c');
INSERT INTO `users` (`userID`, `username`, `password`, `email`, `lastLogin`, `accountStatus`, `salt`) VALUES (00000000062, 'brigitte53', '94bb5b06155fa4630a81a6f1bf568b34ad7ccfd5', 'ogorczany@example.org', NULL, ' disabled', 'ca3c1396d8244678a06a91d03f90ba68cbc8fe6a');
INSERT INTO `users` (`userID`, `username`, `password`, `email`, `lastLogin`, `accountStatus`, `salt`) VALUES (00000000063, 'sprice', 'fdf06ed3cdf02cffd10394de29ccd2fe4dedf4a6', 'hjohns@example.net', NULL, ' moderation', '6a1bceaac6c9cffc63f68f9dcfc810ede7ddc125');
INSERT INTO `users` (`userID`, `username`, `password`, `email`, `lastLogin`, `accountStatus`, `salt`) VALUES (00000000064, 'zlangosh', '7f01320b4af097edb8280a3de8c0a6c75c672c5e', 'magdalena.lehner@example.com', NULL, ' disabled', '255581a128c0aadaef697fc96ec2a403d613ac75');
INSERT INTO `users` (`userID`, `username`, `password`, `email`, `lastLogin`, `accountStatus`, `salt`) VALUES (00000000065, 'ydickens', '732b94b2256b42b05505c093d355cdafc3cd25a4', 'lindgren.lloyd@example.org', NULL, ' moderation', 'b00d6c7d2a34e365f0b296d756ee04f7c1357c27');
INSERT INTO `users` (`userID`, `username`, `password`, `email`, `lastLogin`, `accountStatus`, `salt`) VALUES (00000000066, 'gleichner.lessie', '6041621cccbc7699094794b663031c6ca0e61b6c', 'jo\'reilly@example.com', NULL, 'enabled', 'e56fb6afa45cc75a3f0e5881fa44d408f12ac839');
INSERT INTO `users` (`userID`, `username`, `password`, `email`, `lastLogin`, `accountStatus`, `salt`) VALUES (00000000067, 'gwendolyn18', 'ee69135ffe7f9d4e17f3be938198ca4d356c36f2', 'jaime.grimes@example.net', NULL, ' disabled', '4ab889be89e2a8433a3b78f34548db2c6524c8ff');
INSERT INTO `users` (`userID`, `username`, `password`, `email`, `lastLogin`, `accountStatus`, `salt`) VALUES (00000000068, 'leonard00', '2925d68d511c44e697d9dc9114250af37e53d770', 'ruthe78@example.com', NULL, ' moderation', 'bc77bfa576f8f1852b3505a55bafea34cf7ef0be');
INSERT INTO `users` (`userID`, `username`, `password`, `email`, `lastLogin`, `accountStatus`, `salt`) VALUES (00000000069, 'kirlin.dominique', 'a46485763c8d71296eb48896ac6deab4d9375025', 'gerald.bradtke@example.net', NULL, ' moderation', 'be67b4ad64bd7bef58fbebaaa4ab632046111b6d');
INSERT INTO `users` (`userID`, `username`, `password`, `email`, `lastLogin`, `accountStatus`, `salt`) VALUES (00000000070, 'marcella08', '5cb299b2aa1b0b5b459cadab27aebc7c13ce94f0', 'bashirian.hershel@example.com', NULL, 'enabled', '25c944dff5a073387335b357c8bf1c6bbae2a3ca');
INSERT INTO `users` (`userID`, `username`, `password`, `email`, `lastLogin`, `accountStatus`, `salt`) VALUES (00000000071, 'corwin.jon', '43f176c87ed191bd9b41dc556c81d15ba4a45639', 'jordan26@example.com', NULL, ' moderation', 'dfc5342865901e492285ab23a9ee2116821ee834');
INSERT INTO `users` (`userID`, `username`, `password`, `email`, `lastLogin`, `accountStatus`, `salt`) VALUES (00000000072, 'murphy.lue', 'dab9c90fc056601fdce6ac5c2bbe105c7635ea40', 'toy.jaquan@example.org', NULL, ' moderation', '74ab00f0f7e8372b32048968e4422dd270d87a46');
INSERT INTO `users` (`userID`, `username`, `password`, `email`, `lastLogin`, `accountStatus`, `salt`) VALUES (00000000073, 'colby.hagenes', '9a621a4db114380824d11d41b5c763f79eeda387', 'dlangworth@example.net', NULL, ' disabled', '5e8515b6e190e901c41583c9fa683809103fee06');
INSERT INTO `users` (`userID`, `username`, `password`, `email`, `lastLogin`, `accountStatus`, `salt`) VALUES (00000000074, 'devyn.gaylord', 'ae3bb1cf957b98e5f2aef6be9ac3f306d6a13d40', 'lucinda.deckow@example.org', NULL, ' moderation', '290318de408fa06902c562f5d10bc1b4703a1a58');
INSERT INTO `users` (`userID`, `username`, `password`, `email`, `lastLogin`, `accountStatus`, `salt`) VALUES (00000000075, 'erwin73', '591fc915a27e001ae8c603ae95b6dfcb7a3daa8e', 'jannie.treutel@example.com', NULL, ' disabled', 'ff385c109f32b6dbc60b301c70839c3cbcce2976');
INSERT INTO `users` (`userID`, `username`, `password`, `email`, `lastLogin`, `accountStatus`, `salt`) VALUES (00000000076, 'mccullough.elliot', '22ed93d779ac1c10feb280b31064034166f07e9a', 'raymond.reinger@example.com', NULL, ' disabled', '4c23faa40f6e4af20b64d5698349dad35a94fdd5');
INSERT INTO `users` (`userID`, `username`, `password`, `email`, `lastLogin`, `accountStatus`, `salt`) VALUES (00000000077, 'bayer.claude', '39609ca7ba504bbd12c65f8ab32504ff5a73cd56', 'travon23@example.com', NULL, 'enabled', 'd4cdc9e22016b4378dccbe9f79fd0fd20ab3a254');
INSERT INTO `users` (`userID`, `username`, `password`, `email`, `lastLogin`, `accountStatus`, `salt`) VALUES (00000000078, 'marcia.heaney', 'f985da90786c1d0169f8c4c27ec51dce609dfcf8', 'germaine.schmitt@example.net', NULL, 'enabled', 'cd4f015c58befee5266eb858b2ac13a8711ff59c');
INSERT INTO `users` (`userID`, `username`, `password`, `email`, `lastLogin`, `accountStatus`, `salt`) VALUES (00000000079, 'gregg23', '58f570713bad80a61688a1ee0e7d0cf531963858', 'clementina27@example.org', NULL, ' disabled', 'b6b14c244415472ed07b752cc21e89bc48130371');
INSERT INTO `users` (`userID`, `username`, `password`, `email`, `lastLogin`, `accountStatus`, `salt`) VALUES (00000000080, 'lorine63', '44630301eadf5bf1bce861229a6288c1641b1615', 'mayer.guiseppe@example.net', NULL, ' moderation', '8824ba2cffa042b7fc9fe44bd7e7713056162ec7');
INSERT INTO `users` (`userID`, `username`, `password`, `email`, `lastLogin`, `accountStatus`, `salt`) VALUES (00000000081, 'nbode', '6631bb14aafd79cf5bf24cdffedb1539dd5aff7a', 'osbaldo.kuhic@example.org', NULL, 'enabled', 'ae76db3d40c9866f5ff6cae2518ba23a4a914be7');
INSERT INTO `users` (`userID`, `username`, `password`, `email`, `lastLogin`, `accountStatus`, `salt`) VALUES (00000000082, 'chaim66', '07e35e9f31fa2b1389a0b8590b549ed691eb6117', 'qlakin@example.net', NULL, ' moderation', '7e440913af2cb9002cea6b9bd73d4df8d74bca20');
INSERT INTO `users` (`userID`, `username`, `password`, `email`, `lastLogin`, `accountStatus`, `salt`) VALUES (00000000083, 'faye.terry', '3d5462b412f058eb1f18f5b74c9943f543e98eeb', 'schamberger.jermey@example.net', NULL, ' moderation', '627e62c633f280bf078909b9a0d673210920bdfe');
INSERT INTO `users` (`userID`, `username`, `password`, `email`, `lastLogin`, `accountStatus`, `salt`) VALUES (00000000084, 'madelynn.davis', '29e26c9630738039fad730469b9d7ee94ee739fe', 'ullrich.laurine@example.net', NULL, ' moderation', '1c227871c86a0d67c238857ac8841d7994634d75');
INSERT INTO `users` (`userID`, `username`, `password`, `email`, `lastLogin`, `accountStatus`, `salt`) VALUES (00000000085, 'iwalsh', 'a86a0bb69293a4e8f21caea929a388c625924ba8', 'lexie75@example.net', NULL, 'enabled', '4db6561afd8ab104339250d4f0acb3309ee91c0f');
INSERT INTO `users` (`userID`, `username`, `password`, `email`, `lastLogin`, `accountStatus`, `salt`) VALUES (00000000086, 'ressie.schuppe', 'b8fef9647c24ceab49fc24d8b9f73ca24f910ccb', 'sasha81@example.com', NULL, ' moderation', '779fe582a438309dd7c576cee5702ea1341f0891');
INSERT INTO `users` (`userID`, `username`, `password`, `email`, `lastLogin`, `accountStatus`, `salt`) VALUES (00000000087, 'qhickle', '163f78865f4baa3736461f73cc85aa2686062ec5', 'scottie.schiller@example.org', NULL, ' disabled', '52b303db4427c4e370289c15a87987febac7d60e');
INSERT INTO `users` (`userID`, `username`, `password`, `email`, `lastLogin`, `accountStatus`, `salt`) VALUES (00000000088, 'kelsie.reynolds', '73c1f4529af5501320e000e63c364c875f8eb755', 'rtowne@example.com', NULL, 'enabled', '0f95432e5304e8cfd52cc0528cd12301882eb337');
INSERT INTO `users` (`userID`, `username`, `password`, `email`, `lastLogin`, `accountStatus`, `salt`) VALUES (00000000089, 'taurean.reynolds', 'eee477b2c7f923a8e09a09d13d117b1b89ee7735', 'skyla.grant@example.com', NULL, 'enabled', 'bee21670896cab4aa05e45faf5d329d0806593ef');
INSERT INTO `users` (`userID`, `username`, `password`, `email`, `lastLogin`, `accountStatus`, `salt`) VALUES (00000000090, 'pablo99', '9e041b81f4d6a12c4fe0e7e1484a6c11c2ee0d73', 'kcrooks@example.net', NULL, 'enabled', '7e40ad6bc63fc782770d218b64f3e30b4523e2bc');
INSERT INTO `users` (`userID`, `username`, `password`, `email`, `lastLogin`, `accountStatus`, `salt`) VALUES (00000000091, 'estrella.bayer', '490d81917416eb7805bb9ae9281b651ec08e7c76', 'herminio.jacobs@example.com', NULL, 'enabled', 'b1e86e44572dafa77ec907612f86117ced35e835');
INSERT INTO `users` (`userID`, `username`, `password`, `email`, `lastLogin`, `accountStatus`, `salt`) VALUES (00000000092, 'bwyman', 'f43d484511eb3fe3187346a64000d5e5f79f61b4', 'sanford.estel@example.org', NULL, ' disabled', '486529a89a4023e0ea89427cc9542993e867a882');
INSERT INTO `users` (`userID`, `username`, `password`, `email`, `lastLogin`, `accountStatus`, `salt`) VALUES (00000000093, 'nolan.ellis', 'c6e59cc78b13221522a50a76ba8c6280bfb63392', 'reilly.carroll@example.com', NULL, 'enabled', '0bcd2401db39dd6eafc31fcfa660386dfb123ef2');
INSERT INTO `users` (`userID`, `username`, `password`, `email`, `lastLogin`, `accountStatus`, `salt`) VALUES (00000000094, 'iwilkinson', '66b1d542afcfe55a76d9085073c69766204c7c3f', 'sydnie44@example.org', NULL, ' moderation', '584c999ae4d0d0d412af378bfe9233c3aaf467df');
INSERT INTO `users` (`userID`, `username`, `password`, `email`, `lastLogin`, `accountStatus`, `salt`) VALUES (00000000095, 'marks.bette', '5441f6a112c815b8b04ccfc9af8b8bd2c7f476bc', 'kautzer.zechariah@example.org', NULL, ' disabled', '135c6be9d1986f4fa870cb82788f9f0e717cc858');
INSERT INTO `users` (`userID`, `username`, `password`, `email`, `lastLogin`, `accountStatus`, `salt`) VALUES (00000000096, 'effie.johnston', '1da4e5387d427b01b807d4c82ffcec8c841fe39a', 'gerardo52@example.com', NULL, 'enabled', '789c4dac25ef5e69a72b2f1be0b409d999990c5c');
INSERT INTO `users` (`userID`, `username`, `password`, `email`, `lastLogin`, `accountStatus`, `salt`) VALUES (00000000097, 'qledner', '8f298bd13a17dd04f45f407264f8cf91fe6e7924', 'rreichert@example.org', NULL, ' moderation', 'aae96694500dd000d21ef0125d703ef196cf3d0d');
INSERT INTO `users` (`userID`, `username`, `password`, `email`, `lastLogin`, `accountStatus`, `salt`) VALUES (00000000098, 'bethany.braun', '2f2d2f8004211dbdb5b57c1c73f12eb2e3645a70', 'providenci.bailey@example.net', NULL, ' moderation', 'c7f38c801803b97f3ec8d116940bd3d438e75a5a');
INSERT INTO `users` (`userID`, `username`, `password`, `email`, `lastLogin`, `accountStatus`, `salt`) VALUES (00000000099, 'ilesch', '36f2b85b79ae47735415ea3e389eea3a652eafcc', 'esta.berge@example.net', NULL, ' disabled', '583be9decdf82d4f2abb6e997640e4707ca6c986');
INSERT INTO `users` (`userID`, `username`, `password`, `email`, `lastLogin`, `accountStatus`, `salt`) VALUES (00000000100, 'cmraz', 'f242611e6702154583e9d8db1f6072e225662c7b', 'leola17@example.org', NULL, 'enabled', '6cbf41688af9483ef2b714ddba48d1cd86be32e9');


